script,config,feature,category
02_diagnostics_vif_pca,audio_only_152,Area_Method_of_Moments_Overall_Standard_Deviation_1,audio:Area_MoM
02_diagnostics_vif_pca,audio_only_152,Area_Method_of_Moments_Overall_Standard_Deviation_2,audio:Area_MoM
02_diagnostics_vif_pca,audio_only_152,Area_Method_of_Moments_Overall_Standard_Deviation_3,audio:Area_MoM
02_diagnostics_vif_pca,audio_only_152,Area_Method_of_Moments_Overall_Standard_Deviation_4,audio:Area_MoM
02_diagnostics_vif_pca,audio_only_152,Area_Method_of_Moments_Overall_Standard_Deviation_5,audio:Area_MoM
02_diagnostics_vif_pca,audio_only_152,Area_Method_of_Moments_Overall_Standard_Deviation_6,audio:Area_MoM
02_diagnostics_vif_pca,audio_only_152,Area_Method_of_Moments_Overall_Standard_Deviation_7,audio:Area_MoM
02_diagnostics_vif_pca,audio_only_152,Area_Method_of_Moments_Overall_Standard_Deviation_8,audio:Area_MoM
02_diagnostics_vif_pca,audio_only_152,Area_Method_of_Moments_Overall_Standard_Deviation_9,audio:Area_MoM
02_diagnostics_vif_pca,audio_only_152,Area_Method_of_Moments_Overall_Standard_Deviation_10,audio:Area_MoM
02_diagnostics_vif_pca,audio_only_152,Area_Method_of_Moments_Overall_Average_1,audio:Area_MoM
02_diagnostics_vif_pca,audio_only_152,Area_Method_of_Moments_Overall_Average_2,audio:Area_MoM
02_diagnostics_vif_pca,audio_only_152,Area_Method_of_Moments_Overall_Average_3,audio:Area_MoM
02_diagnostics_vif_pca,audio_only_152,Area_Method_of_Moments_Overall_Average_4,audio:Area_MoM
02_diagnostics_vif_pca,audio_only_152,Area_Method_of_Moments_Overall_Average_5,audio:Area_MoM
02_diagnostics_vif_pca,audio_only_152,Area_Method_of_Moments_Overall_Average_6,audio:Area_MoM
02_diagnostics_vif_pca,audio_only_152,Area_Method_of_Moments_Overall_Average_7,audio:Area_MoM
02_diagnostics_vif_pca,audio_only_152,Area_Method_of_Moments_Overall_Average_8,audio:Area_MoM
02_diagnostics_vif_pca,audio_only_152,Area_Method_of_Moments_Overall_Average_9,audio:Area_MoM
02_diagnostics_vif_pca,audio_only_152,Area_Method_of_Moments_Overall_Average_10,audio:Area_MoM
02_diagnostics_vif_pca,audio_only_152,LPC_Overall_Standard_Deviation_1,audio:LPC
02_diagnostics_vif_pca,audio_only_152,LPC_Overall_Standard_Deviation_2,audio:LPC
02_diagnostics_vif_pca,audio_only_152,LPC_Overall_Standard_Deviation_3,audio:LPC
02_diagnostics_vif_pca,audio_only_152,LPC_Overall_Standard_Deviation_4,audio:LPC
02_diagnostics_vif_pca,audio_only_152,LPC_Overall_Standard_Deviation_5,audio:LPC
02_diagnostics_vif_pca,audio_only_152,LPC_Overall_Standard_Deviation_6,audio:LPC
02_diagnostics_vif_pca,audio_only_152,LPC_Overall_Standard_Deviation_7,audio:LPC
02_diagnostics_vif_pca,audio_only_152,LPC_Overall_Standard_Deviation_8,audio:LPC
02_diagnostics_vif_pca,audio_only_152,LPC_Overall_Standard_Deviation_9,audio:LPC
02_diagnostics_vif_pca,audio_only_152,LPC_Overall_Average_1,audio:LPC
02_diagnostics_vif_pca,audio_only_152,LPC_Overall_Average_2,audio:LPC
02_diagnostics_vif_pca,audio_only_152,LPC_Overall_Average_3,audio:LPC
02_diagnostics_vif_pca,audio_only_152,LPC_Overall_Average_4,audio:LPC
02_diagnostics_vif_pca,audio_only_152,LPC_Overall_Average_5,audio:LPC
02_diagnostics_vif_pca,audio_only_152,LPC_Overall_Average_6,audio:LPC
02_diagnostics_vif_pca,audio_only_152,LPC_Overall_Average_7,audio:LPC
02_diagnostics_vif_pca,audio_only_152,LPC_Overall_Average_8,audio:LPC
02_diagnostics_vif_pca,audio_only_152,LPC_Overall_Average_9,audio:LPC
02_diagnostics_vif_pca,audio_only_152,Spectral_Centroid_Overall_Standard_Deviation_1,audio:lowlevel
02_diagnostics_vif_pca,audio_only_152,Spectral_Rolloff_Point_Overall_Standard_Deviation_1,audio:lowlevel
02_diagnostics_vif_pca,audio_only_152,Spectral_Flux_Overall_Standard_Deviation_1,audio:lowlevel
02_diagnostics_vif_pca,audio_only_152,Compactness_Overall_Standard_Deviation_1,audio:lowlevel
02_diagnostics_vif_pca,audio_only_152,Spectral_Variability_Overall_Standard_Deviation_1,audio:lowlevel
02_diagnostics_vif_pca,audio_only_152,Root_Mean_Square_Overall_Standard_Deviation_1,audio:lowlevel
02_diagnostics_vif_pca,audio_only_152,Fraction_Of_Low_Energy_Windows_Overall_Standard_Deviation_1,audio:lowlevel
02_diagnostics_vif_pca,audio_only_152,Zero_Crossings_Overall_Standard_Deviation_1,audio:lowlevel
02_diagnostics_vif_pca,audio_only_152,Spectral_Centroid_Overall_Average_1,audio:lowlevel
02_diagnostics_vif_pca,audio_only_152,Spectral_Rolloff_Point_Overall_Average_1,audio:lowlevel
02_diagnostics_vif_pca,audio_only_152,Spectral_Flux_Overall_Average_1,audio:lowlevel
02_diagnostics_vif_pca,audio_only_152,Compactness_Overall_Average_1,audio:lowlevel
02_diagnostics_vif_pca,audio_only_152,Spectral_Variability_Overall_Average_1,audio:lowlevel
02_diagnostics_vif_pca,audio_only_152,Root_Mean_Square_Overall_Average_1,audio:lowlevel
02_diagnostics_vif_pca,audio_only_152,Fraction_Of_Low_Energy_Windows_Overall_Average_1,audio:lowlevel
02_diagnostics_vif_pca,audio_only_152,Zero_Crossings_Overall_Average_1,audio:lowlevel
02_diagnostics_vif_pca,audio_only_152,Mean_Acc5_Mean_Mem20_ZeroCrossings_HopSize512_WinSize512_Sum_AudioCh0,audio:marsyas
02_diagnostics_vif_pca,audio_only_152,Mean_Acc5_Mean_Mem20_Centroid_Power_powerFFT_WinHamming_HopSize512_WinSize512_Sum_AudioCh0,audio:marsyas
02_diagnostics_vif_pca,audio_only_152,Mean_Acc5_Mean_Mem20_Rolloff_Power_powerFFT_WinHamming_HopSize512_WinSize512_Sum_AudioCh0,audio:marsyas
02_diagnostics_vif_pca,audio_only_152,Mean_Acc5_Mean_Mem20_Flux_Power_powerFFT_WinHamming_HopSize512_WinSize512_Sum_AudioCh0,audio:marsyas
02_diagnostics_vif_pca,audio_only_152,Mean_Acc5_Mean_Mem20_PeakRatio_Chroma_A_Power_powerFFT_WinHamming_HopSize512_WinSize512_Sum_AudioCh0,audio:marsyas
02_diagnostics_vif_pca,audio_only_152,Mean_Acc5_Mean_Mem20_PeakRatio_Chroma_A#_Power_powerFFT_WinHamming_HopSize512_WinSize512_Sum_AudioCh0,audio:marsyas
02_diagnostics_vif_pca,audio_only_152,Mean_Acc5_Mean_Mem20_PeakRatio_Chroma_B_Power_powerFFT_WinHamming_HopSize512_WinSize512_Sum_AudioCh0,audio:marsyas
02_diagnostics_vif_pca,audio_only_152,Mean_Acc5_Mean_Mem20_PeakRatio_Chroma_C_Power_powerFFT_WinHamming_HopSize512_WinSize512_Sum_AudioCh0,audio:marsyas
02_diagnostics_vif_pca,audio_only_152,Mean_Acc5_Mean_Mem20_PeakRatio_Chroma_C#_Power_powerFFT_WinHamming_HopSize512_WinSize512_Sum_AudioCh0,audio:marsyas
02_diagnostics_vif_pca,audio_only_152,Mean_Acc5_Mean_Mem20_PeakRatio_Chroma_D_Power_powerFFT_WinHamming_HopSize512_WinSize512_Sum_AudioCh0,audio:marsyas
02_diagnostics_vif_pca,audio_only_152,Mean_Acc5_Mean_Mem20_PeakRatio_Chroma_D#_Power_powerFFT_WinHamming_HopSize512_WinSize512_Sum_AudioCh0,audio:marsyas
02_diagnostics_vif_pca,audio_only_152,Mean_Acc5_Mean_Mem20_PeakRatio_Chroma_E_Power_powerFFT_WinHamming_HopSize512_WinSize512_Sum_AudioCh0,audio:marsyas
02_diagnostics_vif_pca,audio_only_152,Mean_Acc5_Mean_Mem20_PeakRatio_Chroma_F_Power_powerFFT_WinHamming_HopSize512_WinSize512_Sum_AudioCh0,audio:marsyas
02_diagnostics_vif_pca,audio_only_152,Mean_Acc5_Mean_Mem20_PeakRatio_Chroma_F#_Power_powerFFT_WinHamming_HopSize512_WinSize512_Sum_AudioCh0,audio:marsyas
02_diagnostics_vif_pca,audio_only_152,Mean_Acc5_Mean_Mem20_PeakRatio_Chroma_G_Power_powerFFT_WinHamming_HopSize512_WinSize512_Sum_AudioCh0,audio:marsyas
02_diagnostics_vif_pca,audio_only_152,Mean_Acc5_Mean_Mem20_PeakRatio_Chroma_G#_Power_powerFFT_WinHamming_HopSize512_WinSize512_Sum_AudioCh0,audio:marsyas
02_diagnostics_vif_pca,audio_only_152,Mean_Acc5_Mean_Mem20_PeakRatio_Average_Chroma_A_Power_powerFFT_WinHamming_HopSize512_WinSize512_Sum_AudioCh0,audio:marsyas
02_diagnostics_vif_pca,audio_only_152,Mean_Acc5_Mean_Mem20_PeakRatio_Minimum_Chroma_A_Power_powerFFT_WinHamming_HopSize512_WinSize512_Sum_AudioCh0,audio:marsyas
02_diagnostics_vif_pca,audio_only_152,Mean_Acc5_Std_Mem20_ZeroCrossings_HopSize512_WinSize512_Sum_AudioCh0,audio:marsyas
02_diagnostics_vif_pca,audio_only_152,Mean_Acc5_Std_Mem20_Centroid_Power_powerFFT_WinHamming_HopSize512_WinSize512_Sum_AudioCh0,audio:marsyas
02_diagnostics_vif_pca,audio_only_152,Mean_Acc5_Std_Mem20_Rolloff_Power_powerFFT_WinHamming_HopSize512_WinSize512_Sum_AudioCh0,audio:marsyas
02_diagnostics_vif_pca,audio_only_152,Mean_Acc5_Std_Mem20_Flux_Power_powerFFT_WinHamming_HopSize512_WinSize512_Sum_AudioCh0,audio:marsyas
02_diagnostics_vif_pca,audio_only_152,Mean_Acc5_Std_Mem20_PeakRatio_Chroma_A_Power_powerFFT_WinHamming_HopSize512_WinSize512_Sum_AudioCh0,audio:marsyas
02_diagnostics_vif_pca,audio_only_152,Mean_Acc5_Std_Mem20_PeakRatio_Chroma_A#_Power_powerFFT_WinHamming_HopSize512_WinSize512_Sum_AudioCh0,audio:marsyas
02_diagnostics_vif_pca,audio_only_152,Mean_Acc5_Std_Mem20_PeakRatio_Chroma_B_Power_powerFFT_WinHamming_HopSize512_WinSize512_Sum_AudioCh0,audio:marsyas
02_diagnostics_vif_pca,audio_only_152,Mean_Acc5_Std_Mem20_PeakRatio_Chroma_C_Power_powerFFT_WinHamming_HopSize512_WinSize512_Sum_AudioCh0,audio:marsyas
02_diagnostics_vif_pca,audio_only_152,Mean_Acc5_Std_Mem20_PeakRatio_Chroma_C#_Power_powerFFT_WinHamming_HopSize512_WinSize512_Sum_AudioCh0,audio:marsyas
02_diagnostics_vif_pca,audio_only_152,Mean_Acc5_Std_Mem20_PeakRatio_Chroma_D_Power_powerFFT_WinHamming_HopSize512_WinSize512_Sum_AudioCh0,audio:marsyas
02_diagnostics_vif_pca,audio_only_152,Mean_Acc5_Std_Mem20_PeakRatio_Chroma_D#_Power_powerFFT_WinHamming_HopSize512_WinSize512_Sum_AudioCh0,audio:marsyas
02_diagnostics_vif_pca,audio_only_152,Mean_Acc5_Std_Mem20_PeakRatio_Chroma_E_Power_powerFFT_WinHamming_HopSize512_WinSize512_Sum_AudioCh0,audio:marsyas
02_diagnostics_vif_pca,audio_only_152,Mean_Acc5_Std_Mem20_PeakRatio_Chroma_F_Power_powerFFT_WinHamming_HopSize512_WinSize512_Sum_AudioCh0,audio:marsyas
02_diagnostics_vif_pca,audio_only_152,Mean_Acc5_Std_Mem20_PeakRatio_Chroma_F#_Power_powerFFT_WinHamming_HopSize512_WinSize512_Sum_AudioCh0,audio:marsyas
02_diagnostics_vif_pca,audio_only_152,Mean_Acc5_Std_Mem20_PeakRatio_Chroma_G_Power_powerFFT_WinHamming_HopSize512_WinSize512_Sum_AudioCh0,audio:marsyas
02_diagnostics_vif_pca,audio_only_152,Mean_Acc5_Std_Mem20_PeakRatio_Chroma_G#_Power_powerFFT_WinHamming_HopSize512_WinSize512_Sum_AudioCh0,audio:marsyas
02_diagnostics_vif_pca,audio_only_152,Mean_Acc5_Std_Mem20_PeakRatio_Average_Chroma_A_Power_powerFFT_WinHamming_HopSize512_WinSize512_Sum_AudioCh0,audio:marsyas
02_diagnostics_vif_pca,audio_only_152,Mean_Acc5_Std_Mem20_PeakRatio_Minimum_Chroma_A_Power_powerFFT_WinHamming_HopSize512_WinSize512_Sum_AudioCh0,audio:marsyas
02_diagnostics_vif_pca,audio_only_152,Std_Acc5_Mean_Mem20_ZeroCrossings_HopSize512_WinSize512_Sum_AudioCh0,audio:marsyas
02_diagnostics_vif_pca,audio_only_152,Std_Acc5_Mean_Mem20_Centroid_Power_powerFFT_WinHamming_HopSize512_WinSize512_Sum_AudioCh0,audio:marsyas
02_diagnostics_vif_pca,audio_only_152,Std_Acc5_Mean_Mem20_Rolloff_Power_powerFFT_WinHamming_HopSize512_WinSize512_Sum_AudioCh0,audio:marsyas
02_diagnostics_vif_pca,audio_only_152,Std_Acc5_Mean_Mem20_Flux_Power_powerFFT_WinHamming_HopSize512_WinSize512_Sum_AudioCh0,audio:marsyas
02_diagnostics_vif_pca,audio_only_152,Std_Acc5_Mean_Mem20_PeakRatio_Chroma_A_Power_powerFFT_WinHamming_HopSize512_WinSize512_Sum_AudioCh0,audio:marsyas
02_diagnostics_vif_pca,audio_only_152,Std_Acc5_Mean_Mem20_PeakRatio_Chroma_A#_Power_powerFFT_WinHamming_HopSize512_WinSize512_Sum_AudioCh0,audio:marsyas
02_diagnostics_vif_pca,audio_only_152,Std_Acc5_Mean_Mem20_PeakRatio_Chroma_B_Power_powerFFT_WinHamming_HopSize512_WinSize512_Sum_AudioCh0,audio:marsyas
02_diagnostics_vif_pca,audio_only_152,Std_Acc5_Mean_Mem20_PeakRatio_Chroma_C_Power_powerFFT_WinHamming_HopSize512_WinSize512_Sum_AudioCh0,audio:marsyas
02_diagnostics_vif_pca,audio_only_152,Std_Acc5_Mean_Mem20_PeakRatio_Chroma_C#_Power_powerFFT_WinHamming_HopSize512_WinSize512_Sum_AudioCh0,audio:marsyas
02_diagnostics_vif_pca,audio_only_152,Std_Acc5_Mean_Mem20_PeakRatio_Chroma_D_Power_powerFFT_WinHamming_HopSize512_WinSize512_Sum_AudioCh0,audio:marsyas
02_diagnostics_vif_pca,audio_only_152,Std_Acc5_Mean_Mem20_PeakRatio_Chroma_D#_Power_powerFFT_WinHamming_HopSize512_WinSize512_Sum_AudioCh0,audio:marsyas
02_diagnostics_vif_pca,audio_only_152,Std_Acc5_Mean_Mem20_PeakRatio_Chroma_E_Power_powerFFT_WinHamming_HopSize512_WinSize512_Sum_AudioCh0,audio:marsyas
02_diagnostics_vif_pca,audio_only_152,Std_Acc5_Mean_Mem20_PeakRatio_Chroma_F_Power_powerFFT_WinHamming_HopSize512_WinSize512_Sum_AudioCh0,audio:marsyas
02_diagnostics_vif_pca,audio_only_152,Std_Acc5_Mean_Mem20_PeakRatio_Chroma_F#_Power_powerFFT_WinHamming_HopSize512_WinSize512_Sum_AudioCh0,audio:marsyas
02_diagnostics_vif_pca,audio_only_152,Std_Acc5_Mean_Mem20_PeakRatio_Chroma_G_Power_powerFFT_WinHamming_HopSize512_WinSize512_Sum_AudioCh0,audio:marsyas
02_diagnostics_vif_pca,audio_only_152,Std_Acc5_Mean_Mem20_PeakRatio_Chroma_G#_Power_powerFFT_WinHamming_HopSize512_WinSize512_Sum_AudioCh0,audio:marsyas
02_diagnostics_vif_pca,audio_only_152,Std_Acc5_Mean_Mem20_PeakRatio_Average_Chroma_A_Power_powerFFT_WinHamming_HopSize512_WinSize512_Sum_AudioCh0,audio:marsyas
02_diagnostics_vif_pca,audio_only_152,Std_Acc5_Mean_Mem20_PeakRatio_Minimum_Chroma_A_Power_powerFFT_WinHamming_HopSize512_WinSize512_Sum_AudioCh0,audio:marsyas
02_diagnostics_vif_pca,audio_only_152,Std_Acc5_Std_Mem20_ZeroCrossings_HopSize512_WinSize512_Sum_AudioCh0,audio:marsyas
02_diagnostics_vif_pca,audio_only_152,Std_Acc5_Std_Mem20_Centroid_Power_powerFFT_WinHamming_HopSize512_WinSize512_Sum_AudioCh0,audio:marsyas
02_diagnostics_vif_pca,audio_only_152,Std_Acc5_Std_Mem20_Rolloff_Power_powerFFT_WinHamming_HopSize512_WinSize512_Sum_AudioCh0,audio:marsyas
02_diagnostics_vif_pca,audio_only_152,Std_Acc5_Std_Mem20_Flux_Power_powerFFT_WinHamming_HopSize512_WinSize512_Sum_AudioCh0,audio:marsyas
02_diagnostics_vif_pca,audio_only_152,Std_Acc5_Std_Mem20_PeakRatio_Chroma_A_Power_powerFFT_WinHamming_HopSize512_WinSize512_Sum_AudioCh0,audio:marsyas
02_diagnostics_vif_pca,audio_only_152,Std_Acc5_Std_Mem20_PeakRatio_Chroma_A#_Power_powerFFT_WinHamming_HopSize512_WinSize512_Sum_AudioCh0,audio:marsyas
02_diagnostics_vif_pca,audio_only_152,Std_Acc5_Std_Mem20_PeakRatio_Chroma_B_Power_powerFFT_WinHamming_HopSize512_WinSize512_Sum_AudioCh0,audio:marsyas
02_diagnostics_vif_pca,audio_only_152,Std_Acc5_Std_Mem20_PeakRatio_Chroma_C_Power_powerFFT_WinHamming_HopSize512_WinSize512_Sum_AudioCh0,audio:marsyas
02_diagnostics_vif_pca,audio_only_152,Std_Acc5_Std_Mem20_PeakRatio_Chroma_C#_Power_powerFFT_WinHamming_HopSize512_WinSize512_Sum_AudioCh0,audio:marsyas
02_diagnostics_vif_pca,audio_only_152,Std_Acc5_Std_Mem20_PeakRatio_Chroma_D_Power_powerFFT_WinHamming_HopSize512_WinSize512_Sum_AudioCh0,audio:marsyas
02_diagnostics_vif_pca,audio_only_152,Std_Acc5_Std_Mem20_PeakRatio_Chroma_D#_Power_powerFFT_WinHamming_HopSize512_WinSize512_Sum_AudioCh0,audio:marsyas
02_diagnostics_vif_pca,audio_only_152,Std_Acc5_Std_Mem20_PeakRatio_Chroma_E_Power_powerFFT_WinHamming_HopSize512_WinSize512_Sum_AudioCh0,audio:marsyas
02_diagnostics_vif_pca,audio_only_152,Std_Acc5_Std_Mem20_PeakRatio_Chroma_F_Power_powerFFT_WinHamming_HopSize512_WinSize512_Sum_AudioCh0,audio:marsyas
02_diagnostics_vif_pca,audio_only_152,Std_Acc5_Std_Mem20_PeakRatio_Chroma_F#_Power_powerFFT_WinHamming_HopSize512_WinSize512_Sum_AudioCh0,audio:marsyas
02_diagnostics_vif_pca,audio_only_152,Std_Acc5_Std_Mem20_PeakRatio_Chroma_G_Power_powerFFT_WinHamming_HopSize512_WinSize512_Sum_AudioCh0,audio:marsyas
02_diagnostics_vif_pca,audio_only_152,Std_Acc5_Std_Mem20_PeakRatio_Chroma_G#_Power_powerFFT_WinHamming_HopSize512_WinSize512_Sum_AudioCh0,audio:marsyas
02_diagnostics_vif_pca,audio_only_152,Std_Acc5_Std_Mem20_PeakRatio_Average_Chroma_A_Power_powerFFT_WinHamming_HopSize512_WinSize512_Sum_AudioCh0,audio:marsyas
02_diagnostics_vif_pca,audio_only_152,Std_Acc5_Std_Mem20_PeakRatio_Minimum_Chroma_A_Power_powerFFT_WinHamming_HopSize512_WinSize512_Sum_AudioCh0,audio:marsyas
02_diagnostics_vif_pca,audio_only_152,MFCC_Overall_Standard_Deviation_1,audio:MFCC_simple
02_diagnostics_vif_pca,audio_only_152,MFCC_Overall_Standard_Deviation_2,audio:MFCC_simple
02_diagnostics_vif_pca,audio_only_152,MFCC_Overall_Standard_Deviation_3,audio:MFCC_simple
02_diagnostics_vif_pca,audio_only_152,MFCC_Overall_Standard_Deviation_4,audio:MFCC_simple
02_diagnostics_vif_pca,audio_only_152,MFCC_Overall_Standard_Deviation_5,audio:MFCC_simple
02_diagnostics_vif_pca,audio_only_152,MFCC_Overall_Standard_Deviation_6,audio:MFCC_simple
02_diagnostics_vif_pca,audio_only_152,MFCC_Overall_Standard_Deviation_7,audio:MFCC_simple
02_diagnostics_vif_pca,audio_only_152,MFCC_Overall_Standard_Deviation_8,audio:MFCC_simple
02_diagnostics_vif_pca,audio_only_152,MFCC_Overall_Standard_Deviation_9,audio:MFCC_simple
02_diagnostics_vif_pca,audio_only_152,MFCC_Overall_Standard_Deviation_10,audio:MFCC_simple
02_diagnostics_vif_pca,audio_only_152,MFCC_Overall_Standard_Deviation_11,audio:MFCC_simple
02_diagnostics_vif_pca,audio_only_152,MFCC_Overall_Standard_Deviation_12,audio:MFCC_simple
02_diagnostics_vif_pca,audio_only_152,MFCC_Overall_Standard_Deviation_13,audio:MFCC_simple
02_diagnostics_vif_pca,audio_only_152,MFCC_Overall_Average_1,audio:MFCC_simple
02_diagnostics_vif_pca,audio_only_152,MFCC_Overall_Average_2,audio:MFCC_simple
02_diagnostics_vif_pca,audio_only_152,MFCC_Overall_Average_3,audio:MFCC_simple
02_diagnostics_vif_pca,audio_only_152,MFCC_Overall_Average_4,audio:MFCC_simple
02_diagnostics_vif_pca,audio_only_152,MFCC_Overall_Average_5,audio:MFCC_simple
02_diagnostics_vif_pca,audio_only_152,MFCC_Overall_Average_6,audio:MFCC_simple
02_diagnostics_vif_pca,audio_only_152,MFCC_Overall_Average_7,audio:MFCC_simple
02_diagnostics_vif_pca,audio_only_152,MFCC_Overall_Average_8,audio:MFCC_simple
02_diagnostics_vif_pca,audio_only_152,MFCC_Overall_Average_9,audio:MFCC_simple
02_diagnostics_vif_pca,audio_only_152,MFCC_Overall_Average_10,audio:MFCC_simple
02_diagnostics_vif_pca,audio_only_152,MFCC_Overall_Average_11,audio:MFCC_simple
02_diagnostics_vif_pca,audio_only_152,MFCC_Overall_Average_12,audio:MFCC_simple
02_diagnostics_vif_pca,audio_only_152,MFCC_Overall_Average_13,audio:MFCC_simple
02_diagnostics_vif_pca,OLS_top3_PCs,<3 principal components from 152 audio>,derived
02_diagnostics_vif_pca,OLS_top9_PCs,<9 principal components from 152 audio>,derived
02_diagnostics_vif_pca,OLS_top18_PCs,<18 principal components from 152 audio>,derived
02_diagnostics_vif_pca,OLS_top30_PCs,<30 principal components from 152 audio>,derived
02_diagnostics_vif_pca,OLS_top58_PCs,<58 principal components from 152 audio>,derived
02_diagnostics_vif_pca,OLS_top100_PCs,<100 principal components from 152 audio>,derived
03_extended_baselines,audio_only,Area_Method_of_Moments_Overall_Standard_Deviation_1,audio:Area_MoM
03_extended_baselines,audio_only,Area_Method_of_Moments_Overall_Standard_Deviation_2,audio:Area_MoM
03_extended_baselines,audio_only,Area_Method_of_Moments_Overall_Standard_Deviation_3,audio:Area_MoM
03_extended_baselines,audio_only,Area_Method_of_Moments_Overall_Standard_Deviation_4,audio:Area_MoM
03_extended_baselines,audio_only,Area_Method_of_Moments_Overall_Standard_Deviation_5,audio:Area_MoM
03_extended_baselines,audio_only,Area_Method_of_Moments_Overall_Standard_Deviation_6,audio:Area_MoM
03_extended_baselines,audio_only,Area_Method_of_Moments_Overall_Standard_Deviation_7,audio:Area_MoM
03_extended_baselines,audio_only,Area_Method_of_Moments_Overall_Standard_Deviation_8,audio:Area_MoM
03_extended_baselines,audio_only,Area_Method_of_Moments_Overall_Standard_Deviation_9,audio:Area_MoM
03_extended_baselines,audio_only,Area_Method_of_Moments_Overall_Standard_Deviation_10,audio:Area_MoM
03_extended_baselines,audio_only,Area_Method_of_Moments_Overall_Average_1,audio:Area_MoM
03_extended_baselines,audio_only,Area_Method_of_Moments_Overall_Average_2,audio:Area_MoM
03_extended_baselines,audio_only,Area_Method_of_Moments_Overall_Average_3,audio:Area_MoM
03_extended_baselines,audio_only,Area_Method_of_Moments_Overall_Average_4,audio:Area_MoM
03_extended_baselines,audio_only,Area_Method_of_Moments_Overall_Average_5,audio:Area_MoM
03_extended_baselines,audio_only,Area_Method_of_Moments_Overall_Average_6,audio:Area_MoM
03_extended_baselines,audio_only,Area_Method_of_Moments_Overall_Average_7,audio:Area_MoM
03_extended_baselines,audio_only,Area_Method_of_Moments_Overall_Average_8,audio:Area_MoM
03_extended_baselines,audio_only,Area_Method_of_Moments_Overall_Average_9,audio:Area_MoM
03_extended_baselines,audio_only,Area_Method_of_Moments_Overall_Average_10,audio:Area_MoM
03_extended_baselines,audio_only,LPC_Overall_Standard_Deviation_1,audio:LPC
03_extended_baselines,audio_only,LPC_Overall_Standard_Deviation_2,audio:LPC
03_extended_baselines,audio_only,LPC_Overall_Standard_Deviation_3,audio:LPC
03_extended_baselines,audio_only,LPC_Overall_Standard_Deviation_4,audio:LPC
03_extended_baselines,audio_only,LPC_Overall_Standard_Deviation_5,audio:LPC
03_extended_baselines,audio_only,LPC_Overall_Standard_Deviation_6,audio:LPC
03_extended_baselines,audio_only,LPC_Overall_Standard_Deviation_7,audio:LPC
03_extended_baselines,audio_only,LPC_Overall_Standard_Deviation_8,audio:LPC
03_extended_baselines,audio_only,LPC_Overall_Standard_Deviation_9,audio:LPC
03_extended_baselines,audio_only,LPC_Overall_Average_1,audio:LPC
03_extended_baselines,audio_only,LPC_Overall_Average_2,audio:LPC
03_extended_baselines,audio_only,LPC_Overall_Average_3,audio:LPC
03_extended_baselines,audio_only,LPC_Overall_Average_4,audio:LPC
03_extended_baselines,audio_only,LPC_Overall_Average_5,audio:LPC
03_extended_baselines,audio_only,LPC_Overall_Average_6,audio:LPC
03_extended_baselines,audio_only,LPC_Overall_Average_7,audio:LPC
03_extended_baselines,audio_only,LPC_Overall_Average_8,audio:LPC
03_extended_baselines,audio_only,LPC_Overall_Average_9,audio:LPC
03_extended_baselines,audio_only,Spectral_Centroid_Overall_Standard_Deviation_1,audio:lowlevel
03_extended_baselines,audio_only,Spectral_Rolloff_Point_Overall_Standard_Deviation_1,audio:lowlevel
03_extended_baselines,audio_only,Spectral_Flux_Overall_Standard_Deviation_1,audio:lowlevel
03_extended_baselines,audio_only,Compactness_Overall_Standard_Deviation_1,audio:lowlevel
03_extended_baselines,audio_only,Spectral_Variability_Overall_Standard_Deviation_1,audio:lowlevel
03_extended_baselines,audio_only,Root_Mean_Square_Overall_Standard_Deviation_1,audio:lowlevel
03_extended_baselines,audio_only,Fraction_Of_Low_Energy_Windows_Overall_Standard_Deviation_1,audio:lowlevel
03_extended_baselines,audio_only,Zero_Crossings_Overall_Standard_Deviation_1,audio:lowlevel
03_extended_baselines,audio_only,Spectral_Centroid_Overall_Average_1,audio:lowlevel
03_extended_baselines,audio_only,Spectral_Rolloff_Point_Overall_Average_1,audio:lowlevel
03_extended_baselines,audio_only,Spectral_Flux_Overall_Average_1,audio:lowlevel
03_extended_baselines,audio_only,Compactness_Overall_Average_1,audio:lowlevel
03_extended_baselines,audio_only,Spectral_Variability_Overall_Average_1,audio:lowlevel
03_extended_baselines,audio_only,Root_Mean_Square_Overall_Average_1,audio:lowlevel
03_extended_baselines,audio_only,Fraction_Of_Low_Energy_Windows_Overall_Average_1,audio:lowlevel
03_extended_baselines,audio_only,Zero_Crossings_Overall_Average_1,audio:lowlevel
03_extended_baselines,audio_only,Mean_Acc5_Mean_Mem20_ZeroCrossings_HopSize512_WinSize512_Sum_AudioCh0,audio:marsyas
03_extended_baselines,audio_only,Mean_Acc5_Mean_Mem20_Centroid_Power_powerFFT_WinHamming_HopSize512_WinSize512_Sum_AudioCh0,audio:marsyas
03_extended_baselines,audio_only,Mean_Acc5_Mean_Mem20_Rolloff_Power_powerFFT_WinHamming_HopSize512_WinSize512_Sum_AudioCh0,audio:marsyas
03_extended_baselines,audio_only,Mean_Acc5_Mean_Mem20_Flux_Power_powerFFT_WinHamming_HopSize512_WinSize512_Sum_AudioCh0,audio:marsyas
03_extended_baselines,audio_only,Mean_Acc5_Mean_Mem20_PeakRatio_Chroma_A_Power_powerFFT_WinHamming_HopSize512_WinSize512_Sum_AudioCh0,audio:marsyas
03_extended_baselines,audio_only,Mean_Acc5_Mean_Mem20_PeakRatio_Chroma_A#_Power_powerFFT_WinHamming_HopSize512_WinSize512_Sum_AudioCh0,audio:marsyas
03_extended_baselines,audio_only,Mean_Acc5_Mean_Mem20_PeakRatio_Chroma_B_Power_powerFFT_WinHamming_HopSize512_WinSize512_Sum_AudioCh0,audio:marsyas
03_extended_baselines,audio_only,Mean_Acc5_Mean_Mem20_PeakRatio_Chroma_C_Power_powerFFT_WinHamming_HopSize512_WinSize512_Sum_AudioCh0,audio:marsyas
03_extended_baselines,audio_only,Mean_Acc5_Mean_Mem20_PeakRatio_Chroma_C#_Power_powerFFT_WinHamming_HopSize512_WinSize512_Sum_AudioCh0,audio:marsyas
03_extended_baselines,audio_only,Mean_Acc5_Mean_Mem20_PeakRatio_Chroma_D_Power_powerFFT_WinHamming_HopSize512_WinSize512_Sum_AudioCh0,audio:marsyas
03_extended_baselines,audio_only,Mean_Acc5_Mean_Mem20_PeakRatio_Chroma_D#_Power_powerFFT_WinHamming_HopSize512_WinSize512_Sum_AudioCh0,audio:marsyas
03_extended_baselines,audio_only,Mean_Acc5_Mean_Mem20_PeakRatio_Chroma_E_Power_powerFFT_WinHamming_HopSize512_WinSize512_Sum_AudioCh0,audio:marsyas
03_extended_baselines,audio_only,Mean_Acc5_Mean_Mem20_PeakRatio_Chroma_F_Power_powerFFT_WinHamming_HopSize512_WinSize512_Sum_AudioCh0,audio:marsyas
03_extended_baselines,audio_only,Mean_Acc5_Mean_Mem20_PeakRatio_Chroma_F#_Power_powerFFT_WinHamming_HopSize512_WinSize512_Sum_AudioCh0,audio:marsyas
03_extended_baselines,audio_only,Mean_Acc5_Mean_Mem20_PeakRatio_Chroma_G_Power_powerFFT_WinHamming_HopSize512_WinSize512_Sum_AudioCh0,audio:marsyas
03_extended_baselines,audio_only,Mean_Acc5_Mean_Mem20_PeakRatio_Chroma_G#_Power_powerFFT_WinHamming_HopSize512_WinSize512_Sum_AudioCh0,audio:marsyas
03_extended_baselines,audio_only,Mean_Acc5_Mean_Mem20_PeakRatio_Average_Chroma_A_Power_powerFFT_WinHamming_HopSize512_WinSize512_Sum_AudioCh0,audio:marsyas
03_extended_baselines,audio_only,Mean_Acc5_Mean_Mem20_PeakRatio_Minimum_Chroma_A_Power_powerFFT_WinHamming_HopSize512_WinSize512_Sum_AudioCh0,audio:marsyas
03_extended_baselines,audio_only,Mean_Acc5_Std_Mem20_ZeroCrossings_HopSize512_WinSize512_Sum_AudioCh0,audio:marsyas
03_extended_baselines,audio_only,Mean_Acc5_Std_Mem20_Centroid_Power_powerFFT_WinHamming_HopSize512_WinSize512_Sum_AudioCh0,audio:marsyas
03_extended_baselines,audio_only,Mean_Acc5_Std_Mem20_Rolloff_Power_powerFFT_WinHamming_HopSize512_WinSize512_Sum_AudioCh0,audio:marsyas
03_extended_baselines,audio_only,Mean_Acc5_Std_Mem20_Flux_Power_powerFFT_WinHamming_HopSize512_WinSize512_Sum_AudioCh0,audio:marsyas
03_extended_baselines,audio_only,Mean_Acc5_Std_Mem20_PeakRatio_Chroma_A_Power_powerFFT_WinHamming_HopSize512_WinSize512_Sum_AudioCh0,audio:marsyas
03_extended_baselines,audio_only,Mean_Acc5_Std_Mem20_PeakRatio_Chroma_A#_Power_powerFFT_WinHamming_HopSize512_WinSize512_Sum_AudioCh0,audio:marsyas
03_extended_baselines,audio_only,Mean_Acc5_Std_Mem20_PeakRatio_Chroma_B_Power_powerFFT_WinHamming_HopSize512_WinSize512_Sum_AudioCh0,audio:marsyas
03_extended_baselines,audio_only,Mean_Acc5_Std_Mem20_PeakRatio_Chroma_C_Power_powerFFT_WinHamming_HopSize512_WinSize512_Sum_AudioCh0,audio:marsyas
03_extended_baselines,audio_only,Mean_Acc5_Std_Mem20_PeakRatio_Chroma_C#_Power_powerFFT_WinHamming_HopSize512_WinSize512_Sum_AudioCh0,audio:marsyas
03_extended_baselines,audio_only,Mean_Acc5_Std_Mem20_PeakRatio_Chroma_D_Power_powerFFT_WinHamming_HopSize512_WinSize512_Sum_AudioCh0,audio:marsyas
03_extended_baselines,audio_only,Mean_Acc5_Std_Mem20_PeakRatio_Chroma_D#_Power_powerFFT_WinHamming_HopSize512_WinSize512_Sum_AudioCh0,audio:marsyas
03_extended_baselines,audio_only,Mean_Acc5_Std_Mem20_PeakRatio_Chroma_E_Power_powerFFT_WinHamming_HopSize512_WinSize512_Sum_AudioCh0,audio:marsyas
03_extended_baselines,audio_only,Mean_Acc5_Std_Mem20_PeakRatio_Chroma_F_Power_powerFFT_WinHamming_HopSize512_WinSize512_Sum_AudioCh0,audio:marsyas
03_extended_baselines,audio_only,Mean_Acc5_Std_Mem20_PeakRatio_Chroma_F#_Power_powerFFT_WinHamming_HopSize512_WinSize512_Sum_AudioCh0,audio:marsyas
03_extended_baselines,audio_only,Mean_Acc5_Std_Mem20_PeakRatio_Chroma_G_Power_powerFFT_WinHamming_HopSize512_WinSize512_Sum_AudioCh0,audio:marsyas
03_extended_baselines,audio_only,Mean_Acc5_Std_Mem20_PeakRatio_Chroma_G#_Power_powerFFT_WinHamming_HopSize512_WinSize512_Sum_AudioCh0,audio:marsyas
03_extended_baselines,audio_only,Mean_Acc5_Std_Mem20_PeakRatio_Average_Chroma_A_Power_powerFFT_WinHamming_HopSize512_WinSize512_Sum_AudioCh0,audio:marsyas
03_extended_baselines,audio_only,Mean_Acc5_Std_Mem20_PeakRatio_Minimum_Chroma_A_Power_powerFFT_WinHamming_HopSize512_WinSize512_Sum_AudioCh0,audio:marsyas
03_extended_baselines,audio_only,Std_Acc5_Mean_Mem20_ZeroCrossings_HopSize512_WinSize512_Sum_AudioCh0,audio:marsyas
03_extended_baselines,audio_only,Std_Acc5_Mean_Mem20_Centroid_Power_powerFFT_WinHamming_HopSize512_WinSize512_Sum_AudioCh0,audio:marsyas
03_extended_baselines,audio_only,Std_Acc5_Mean_Mem20_Rolloff_Power_powerFFT_WinHamming_HopSize512_WinSize512_Sum_AudioCh0,audio:marsyas
03_extended_baselines,audio_only,Std_Acc5_Mean_Mem20_Flux_Power_powerFFT_WinHamming_HopSize512_WinSize512_Sum_AudioCh0,audio:marsyas
03_extended_baselines,audio_only,Std_Acc5_Mean_Mem20_PeakRatio_Chroma_A_Power_powerFFT_WinHamming_HopSize512_WinSize512_Sum_AudioCh0,audio:marsyas
03_extended_baselines,audio_only,Std_Acc5_Mean_Mem20_PeakRatio_Chroma_A#_Power_powerFFT_WinHamming_HopSize512_WinSize512_Sum_AudioCh0,audio:marsyas
03_extended_baselines,audio_only,Std_Acc5_Mean_Mem20_PeakRatio_Chroma_B_Power_powerFFT_WinHamming_HopSize512_WinSize512_Sum_AudioCh0,audio:marsyas
03_extended_baselines,audio_only,Std_Acc5_Mean_Mem20_PeakRatio_Chroma_C_Power_powerFFT_WinHamming_HopSize512_WinSize512_Sum_AudioCh0,audio:marsyas
03_extended_baselines,audio_only,Std_Acc5_Mean_Mem20_PeakRatio_Chroma_C#_Power_powerFFT_WinHamming_HopSize512_WinSize512_Sum_AudioCh0,audio:marsyas
03_extended_baselines,audio_only,Std_Acc5_Mean_Mem20_PeakRatio_Chroma_D_Power_powerFFT_WinHamming_HopSize512_WinSize512_Sum_AudioCh0,audio:marsyas
03_extended_baselines,audio_only,Std_Acc5_Mean_Mem20_PeakRatio_Chroma_D#_Power_powerFFT_WinHamming_HopSize512_WinSize512_Sum_AudioCh0,audio:marsyas
03_extended_baselines,audio_only,Std_Acc5_Mean_Mem20_PeakRatio_Chroma_E_Power_powerFFT_WinHamming_HopSize512_WinSize512_Sum_AudioCh0,audio:marsyas
03_extended_baselines,audio_only,Std_Acc5_Mean_Mem20_PeakRatio_Chroma_F_Power_powerFFT_WinHamming_HopSize512_WinSize512_Sum_AudioCh0,audio:marsyas
03_extended_baselines,audio_only,Std_Acc5_Mean_Mem20_PeakRatio_Chroma_F#_Power_powerFFT_WinHamming_HopSize512_WinSize512_Sum_AudioCh0,audio:marsyas
03_extended_baselines,audio_only,Std_Acc5_Mean_Mem20_PeakRatio_Chroma_G_Power_powerFFT_WinHamming_HopSize512_WinSize512_Sum_AudioCh0,audio:marsyas
03_extended_baselines,audio_only,Std_Acc5_Mean_Mem20_PeakRatio_Chroma_G#_Power_powerFFT_WinHamming_HopSize512_WinSize512_Sum_AudioCh0,audio:marsyas
03_extended_baselines,audio_only,Std_Acc5_Mean_Mem20_PeakRatio_Average_Chroma_A_Power_powerFFT_WinHamming_HopSize512_WinSize512_Sum_AudioCh0,audio:marsyas
03_extended_baselines,audio_only,Std_Acc5_Mean_Mem20_PeakRatio_Minimum_Chroma_A_Power_powerFFT_WinHamming_HopSize512_WinSize512_Sum_AudioCh0,audio:marsyas
03_extended_baselines,audio_only,Std_Acc5_Std_Mem20_ZeroCrossings_HopSize512_WinSize512_Sum_AudioCh0,audio:marsyas
03_extended_baselines,audio_only,Std_Acc5_Std_Mem20_Centroid_Power_powerFFT_WinHamming_HopSize512_WinSize512_Sum_AudioCh0,audio:marsyas
03_extended_baselines,audio_only,Std_Acc5_Std_Mem20_Rolloff_Power_powerFFT_WinHamming_HopSize512_WinSize512_Sum_AudioCh0,audio:marsyas
03_extended_baselines,audio_only,Std_Acc5_Std_Mem20_Flux_Power_powerFFT_WinHamming_HopSize512_WinSize512_Sum_AudioCh0,audio:marsyas
03_extended_baselines,audio_only,Std_Acc5_Std_Mem20_PeakRatio_Chroma_A_Power_powerFFT_WinHamming_HopSize512_WinSize512_Sum_AudioCh0,audio:marsyas
03_extended_baselines,audio_only,Std_Acc5_Std_Mem20_PeakRatio_Chroma_A#_Power_powerFFT_WinHamming_HopSize512_WinSize512_Sum_AudioCh0,audio:marsyas
03_extended_baselines,audio_only,Std_Acc5_Std_Mem20_PeakRatio_Chroma_B_Power_powerFFT_WinHamming_HopSize512_WinSize512_Sum_AudioCh0,audio:marsyas
03_extended_baselines,audio_only,Std_Acc5_Std_Mem20_PeakRatio_Chroma_C_Power_powerFFT_WinHamming_HopSize512_WinSize512_Sum_AudioCh0,audio:marsyas
03_extended_baselines,audio_only,Std_Acc5_Std_Mem20_PeakRatio_Chroma_C#_Power_powerFFT_WinHamming_HopSize512_WinSize512_Sum_AudioCh0,audio:marsyas
03_extended_baselines,audio_only,Std_Acc5_Std_Mem20_PeakRatio_Chroma_D_Power_powerFFT_WinHamming_HopSize512_WinSize512_Sum_AudioCh0,audio:marsyas
03_extended_baselines,audio_only,Std_Acc5_Std_Mem20_PeakRatio_Chroma_D#_Power_powerFFT_WinHamming_HopSize512_WinSize512_Sum_AudioCh0,audio:marsyas
03_extended_baselines,audio_only,Std_Acc5_Std_Mem20_PeakRatio_Chroma_E_Power_powerFFT_WinHamming_HopSize512_WinSize512_Sum_AudioCh0,audio:marsyas
03_extended_baselines,audio_only,Std_Acc5_Std_Mem20_PeakRatio_Chroma_F_Power_powerFFT_WinHamming_HopSize512_WinSize512_Sum_AudioCh0,audio:marsyas
03_extended_baselines,audio_only,Std_Acc5_Std_Mem20_PeakRatio_Chroma_F#_Power_powerFFT_WinHamming_HopSize512_WinSize512_Sum_AudioCh0,audio:marsyas
03_extended_baselines,audio_only,Std_Acc5_Std_Mem20_PeakRatio_Chroma_G_Power_powerFFT_WinHamming_HopSize512_WinSize512_Sum_AudioCh0,audio:marsyas
03_extended_baselines,audio_only,Std_Acc5_Std_Mem20_PeakRatio_Chroma_G#_Power_powerFFT_WinHamming_HopSize512_WinSize512_Sum_AudioCh0,audio:marsyas
03_extended_baselines,audio_only,Std_Acc5_Std_Mem20_PeakRatio_Average_Chroma_A_Power_powerFFT_WinHamming_HopSize512_WinSize512_Sum_AudioCh0,audio:marsyas
03_extended_baselines,audio_only,Std_Acc5_Std_Mem20_PeakRatio_Minimum_Chroma_A_Power_powerFFT_WinHamming_HopSize512_WinSize512_Sum_AudioCh0,audio:marsyas
03_extended_baselines,audio_only,MFCC_Overall_Standard_Deviation_1,audio:MFCC_simple
03_extended_baselines,audio_only,MFCC_Overall_Standard_Deviation_2,audio:MFCC_simple
03_extended_baselines,audio_only,MFCC_Overall_Standard_Deviation_3,audio:MFCC_simple
03_extended_baselines,audio_only,MFCC_Overall_Standard_Deviation_4,audio:MFCC_simple
03_extended_baselines,audio_only,MFCC_Overall_Standard_Deviation_5,audio:MFCC_simple
03_extended_baselines,audio_only,MFCC_Overall_Standard_Deviation_6,audio:MFCC_simple
03_extended_baselines,audio_only,MFCC_Overall_Standard_Deviation_7,audio:MFCC_simple
03_extended_baselines,audio_only,MFCC_Overall_Standard_Deviation_8,audio:MFCC_simple
03_extended_baselines,audio_only,MFCC_Overall_Standard_Deviation_9,audio:MFCC_simple
03_extended_baselines,audio_only,MFCC_Overall_Standard_Deviation_10,audio:MFCC_simple
03_extended_baselines,audio_only,MFCC_Overall_Standard_Deviation_11,audio:MFCC_simple
03_extended_baselines,audio_only,MFCC_Overall_Standard_Deviation_12,audio:MFCC_simple
03_extended_baselines,audio_only,MFCC_Overall_Standard_Deviation_13,audio:MFCC_simple
03_extended_baselines,audio_only,MFCC_Overall_Average_1,audio:MFCC_simple
03_extended_baselines,audio_only,MFCC_Overall_Average_2,audio:MFCC_simple
03_extended_baselines,audio_only,MFCC_Overall_Average_3,audio:MFCC_simple
03_extended_baselines,audio_only,MFCC_Overall_Average_4,audio:MFCC_simple
03_extended_baselines,audio_only,MFCC_Overall_Average_5,audio:MFCC_simple
03_extended_baselines,audio_only,MFCC_Overall_Average_6,audio:MFCC_simple
03_extended_baselines,audio_only,MFCC_Overall_Average_7,audio:MFCC_simple
03_extended_baselines,audio_only,MFCC_Overall_Average_8,audio:MFCC_simple
03_extended_baselines,audio_only,MFCC_Overall_Average_9,audio:MFCC_simple
03_extended_baselines,audio_only,MFCC_Overall_Average_10,audio:MFCC_simple
03_extended_baselines,audio_only,MFCC_Overall_Average_11,audio:MFCC_simple
03_extended_baselines,audio_only,MFCC_Overall_Average_12,audio:MFCC_simple
03_extended_baselines,audio_only,MFCC_Overall_Average_13,audio:MFCC_simple
03_extended_baselines,audio_plus_numeric,Area_Method_of_Moments_Overall_Standard_Deviation_1,audio:Area_MoM
03_extended_baselines,audio_plus_numeric,Area_Method_of_Moments_Overall_Standard_Deviation_2,audio:Area_MoM
03_extended_baselines,audio_plus_numeric,Area_Method_of_Moments_Overall_Standard_Deviation_3,audio:Area_MoM
03_extended_baselines,audio_plus_numeric,Area_Method_of_Moments_Overall_Standard_Deviation_4,audio:Area_MoM
03_extended_baselines,audio_plus_numeric,Area_Method_of_Moments_Overall_Standard_Deviation_5,audio:Area_MoM
03_extended_baselines,audio_plus_numeric,Area_Method_of_Moments_Overall_Standard_Deviation_6,audio:Area_MoM
03_extended_baselines,audio_plus_numeric,Area_Method_of_Moments_Overall_Standard_Deviation_7,audio:Area_MoM
03_extended_baselines,audio_plus_numeric,Area_Method_of_Moments_Overall_Standard_Deviation_8,audio:Area_MoM
03_extended_baselines,audio_plus_numeric,Area_Method_of_Moments_Overall_Standard_Deviation_9,audio:Area_MoM
03_extended_baselines,audio_plus_numeric,Area_Method_of_Moments_Overall_Standard_Deviation_10,audio:Area_MoM
03_extended_baselines,audio_plus_numeric,Area_Method_of_Moments_Overall_Average_1,audio:Area_MoM
03_extended_baselines,audio_plus_numeric,Area_Method_of_Moments_Overall_Average_2,audio:Area_MoM
03_extended_baselines,audio_plus_numeric,Area_Method_of_Moments_Overall_Average_3,audio:Area_MoM
03_extended_baselines,audio_plus_numeric,Area_Method_of_Moments_Overall_Average_4,audio:Area_MoM
03_extended_baselines,audio_plus_numeric,Area_Method_of_Moments_Overall_Average_5,audio:Area_MoM
03_extended_baselines,audio_plus_numeric,Area_Method_of_Moments_Overall_Average_6,audio:Area_MoM
03_extended_baselines,audio_plus_numeric,Area_Method_of_Moments_Overall_Average_7,audio:Area_MoM
03_extended_baselines,audio_plus_numeric,Area_Method_of_Moments_Overall_Average_8,audio:Area_MoM
03_extended_baselines,audio_plus_numeric,Area_Method_of_Moments_Overall_Average_9,audio:Area_MoM
03_extended_baselines,audio_plus_numeric,Area_Method_of_Moments_Overall_Average_10,audio:Area_MoM
03_extended_baselines,audio_plus_numeric,LPC_Overall_Standard_Deviation_1,audio:LPC
03_extended_baselines,audio_plus_numeric,LPC_Overall_Standard_Deviation_2,audio:LPC
03_extended_baselines,audio_plus_numeric,LPC_Overall_Standard_Deviation_3,audio:LPC
03_extended_baselines,audio_plus_numeric,LPC_Overall_Standard_Deviation_4,audio:LPC
03_extended_baselines,audio_plus_numeric,LPC_Overall_Standard_Deviation_5,audio:LPC
03_extended_baselines,audio_plus_numeric,LPC_Overall_Standard_Deviation_6,audio:LPC
03_extended_baselines,audio_plus_numeric,LPC_Overall_Standard_Deviation_7,audio:LPC
03_extended_baselines,audio_plus_numeric,LPC_Overall_Standard_Deviation_8,audio:LPC
03_extended_baselines,audio_plus_numeric,LPC_Overall_Standard_Deviation_9,audio:LPC
03_extended_baselines,audio_plus_numeric,LPC_Overall_Average_1,audio:LPC
03_extended_baselines,audio_plus_numeric,LPC_Overall_Average_2,audio:LPC
03_extended_baselines,audio_plus_numeric,LPC_Overall_Average_3,audio:LPC
03_extended_baselines,audio_plus_numeric,LPC_Overall_Average_4,audio:LPC
03_extended_baselines,audio_plus_numeric,LPC_Overall_Average_5,audio:LPC
03_extended_baselines,audio_plus_numeric,LPC_Overall_Average_6,audio:LPC
03_extended_baselines,audio_plus_numeric,LPC_Overall_Average_7,audio:LPC
03_extended_baselines,audio_plus_numeric,LPC_Overall_Average_8,audio:LPC
03_extended_baselines,audio_plus_numeric,LPC_Overall_Average_9,audio:LPC
03_extended_baselines,audio_plus_numeric,Spectral_Centroid_Overall_Standard_Deviation_1,audio:lowlevel
03_extended_baselines,audio_plus_numeric,Spectral_Rolloff_Point_Overall_Standard_Deviation_1,audio:lowlevel
03_extended_baselines,audio_plus_numeric,Spectral_Flux_Overall_Standard_Deviation_1,audio:lowlevel
03_extended_baselines,audio_plus_numeric,Compactness_Overall_Standard_Deviation_1,audio:lowlevel
03_extended_baselines,audio_plus_numeric,Spectral_Variability_Overall_Standard_Deviation_1,audio:lowlevel
03_extended_baselines,audio_plus_numeric,Root_Mean_Square_Overall_Standard_Deviation_1,audio:lowlevel
03_extended_baselines,audio_plus_numeric,Fraction_Of_Low_Energy_Windows_Overall_Standard_Deviation_1,audio:lowlevel
03_extended_baselines,audio_plus_numeric,Zero_Crossings_Overall_Standard_Deviation_1,audio:lowlevel
03_extended_baselines,audio_plus_numeric,Spectral_Centroid_Overall_Average_1,audio:lowlevel
03_extended_baselines,audio_plus_numeric,Spectral_Rolloff_Point_Overall_Average_1,audio:lowlevel
03_extended_baselines,audio_plus_numeric,Spectral_Flux_Overall_Average_1,audio:lowlevel
03_extended_baselines,audio_plus_numeric,Compactness_Overall_Average_1,audio:lowlevel
03_extended_baselines,audio_plus_numeric,Spectral_Variability_Overall_Average_1,audio:lowlevel
03_extended_baselines,audio_plus_numeric,Root_Mean_Square_Overall_Average_1,audio:lowlevel
03_extended_baselines,audio_plus_numeric,Fraction_Of_Low_Energy_Windows_Overall_Average_1,audio:lowlevel
03_extended_baselines,audio_plus_numeric,Zero_Crossings_Overall_Average_1,audio:lowlevel
03_extended_baselines,audio_plus_numeric,Mean_Acc5_Mean_Mem20_ZeroCrossings_HopSize512_WinSize512_Sum_AudioCh0,audio:marsyas
03_extended_baselines,audio_plus_numeric,Mean_Acc5_Mean_Mem20_Centroid_Power_powerFFT_WinHamming_HopSize512_WinSize512_Sum_AudioCh0,audio:marsyas
03_extended_baselines,audio_plus_numeric,Mean_Acc5_Mean_Mem20_Rolloff_Power_powerFFT_WinHamming_HopSize512_WinSize512_Sum_AudioCh0,audio:marsyas
03_extended_baselines,audio_plus_numeric,Mean_Acc5_Mean_Mem20_Flux_Power_powerFFT_WinHamming_HopSize512_WinSize512_Sum_AudioCh0,audio:marsyas
03_extended_baselines,audio_plus_numeric,Mean_Acc5_Mean_Mem20_PeakRatio_Chroma_A_Power_powerFFT_WinHamming_HopSize512_WinSize512_Sum_AudioCh0,audio:marsyas
03_extended_baselines,audio_plus_numeric,Mean_Acc5_Mean_Mem20_PeakRatio_Chroma_A#_Power_powerFFT_WinHamming_HopSize512_WinSize512_Sum_AudioCh0,audio:marsyas
03_extended_baselines,audio_plus_numeric,Mean_Acc5_Mean_Mem20_PeakRatio_Chroma_B_Power_powerFFT_WinHamming_HopSize512_WinSize512_Sum_AudioCh0,audio:marsyas
03_extended_baselines,audio_plus_numeric,Mean_Acc5_Mean_Mem20_PeakRatio_Chroma_C_Power_powerFFT_WinHamming_HopSize512_WinSize512_Sum_AudioCh0,audio:marsyas
03_extended_baselines,audio_plus_numeric,Mean_Acc5_Mean_Mem20_PeakRatio_Chroma_C#_Power_powerFFT_WinHamming_HopSize512_WinSize512_Sum_AudioCh0,audio:marsyas
03_extended_baselines,audio_plus_numeric,Mean_Acc5_Mean_Mem20_PeakRatio_Chroma_D_Power_powerFFT_WinHamming_HopSize512_WinSize512_Sum_AudioCh0,audio:marsyas
03_extended_baselines,audio_plus_numeric,Mean_Acc5_Mean_Mem20_PeakRatio_Chroma_D#_Power_powerFFT_WinHamming_HopSize512_WinSize512_Sum_AudioCh0,audio:marsyas
03_extended_baselines,audio_plus_numeric,Mean_Acc5_Mean_Mem20_PeakRatio_Chroma_E_Power_powerFFT_WinHamming_HopSize512_WinSize512_Sum_AudioCh0,audio:marsyas
03_extended_baselines,audio_plus_numeric,Mean_Acc5_Mean_Mem20_PeakRatio_Chroma_F_Power_powerFFT_WinHamming_HopSize512_WinSize512_Sum_AudioCh0,audio:marsyas
03_extended_baselines,audio_plus_numeric,Mean_Acc5_Mean_Mem20_PeakRatio_Chroma_F#_Power_powerFFT_WinHamming_HopSize512_WinSize512_Sum_AudioCh0,audio:marsyas
03_extended_baselines,audio_plus_numeric,Mean_Acc5_Mean_Mem20_PeakRatio_Chroma_G_Power_powerFFT_WinHamming_HopSize512_WinSize512_Sum_AudioCh0,audio:marsyas
03_extended_baselines,audio_plus_numeric,Mean_Acc5_Mean_Mem20_PeakRatio_Chroma_G#_Power_powerFFT_WinHamming_HopSize512_WinSize512_Sum_AudioCh0,audio:marsyas
03_extended_baselines,audio_plus_numeric,Mean_Acc5_Mean_Mem20_PeakRatio_Average_Chroma_A_Power_powerFFT_WinHamming_HopSize512_WinSize512_Sum_AudioCh0,audio:marsyas
03_extended_baselines,audio_plus_numeric,Mean_Acc5_Mean_Mem20_PeakRatio_Minimum_Chroma_A_Power_powerFFT_WinHamming_HopSize512_WinSize512_Sum_AudioCh0,audio:marsyas
03_extended_baselines,audio_plus_numeric,Mean_Acc5_Std_Mem20_ZeroCrossings_HopSize512_WinSize512_Sum_AudioCh0,audio:marsyas
03_extended_baselines,audio_plus_numeric,Mean_Acc5_Std_Mem20_Centroid_Power_powerFFT_WinHamming_HopSize512_WinSize512_Sum_AudioCh0,audio:marsyas
03_extended_baselines,audio_plus_numeric,Mean_Acc5_Std_Mem20_Rolloff_Power_powerFFT_WinHamming_HopSize512_WinSize512_Sum_AudioCh0,audio:marsyas
03_extended_baselines,audio_plus_numeric,Mean_Acc5_Std_Mem20_Flux_Power_powerFFT_WinHamming_HopSize512_WinSize512_Sum_AudioCh0,audio:marsyas
03_extended_baselines,audio_plus_numeric,Mean_Acc5_Std_Mem20_PeakRatio_Chroma_A_Power_powerFFT_WinHamming_HopSize512_WinSize512_Sum_AudioCh0,audio:marsyas
03_extended_baselines,audio_plus_numeric,Mean_Acc5_Std_Mem20_PeakRatio_Chroma_A#_Power_powerFFT_WinHamming_HopSize512_WinSize512_Sum_AudioCh0,audio:marsyas
03_extended_baselines,audio_plus_numeric,Mean_Acc5_Std_Mem20_PeakRatio_Chroma_B_Power_powerFFT_WinHamming_HopSize512_WinSize512_Sum_AudioCh0,audio:marsyas
03_extended_baselines,audio_plus_numeric,Mean_Acc5_Std_Mem20_PeakRatio_Chroma_C_Power_powerFFT_WinHamming_HopSize512_WinSize512_Sum_AudioCh0,audio:marsyas
03_extended_baselines,audio_plus_numeric,Mean_Acc5_Std_Mem20_PeakRatio_Chroma_C#_Power_powerFFT_WinHamming_HopSize512_WinSize512_Sum_AudioCh0,audio:marsyas
03_extended_baselines,audio_plus_numeric,Mean_Acc5_Std_Mem20_PeakRatio_Chroma_D_Power_powerFFT_WinHamming_HopSize512_WinSize512_Sum_AudioCh0,audio:marsyas
03_extended_baselines,audio_plus_numeric,Mean_Acc5_Std_Mem20_PeakRatio_Chroma_D#_Power_powerFFT_WinHamming_HopSize512_WinSize512_Sum_AudioCh0,audio:marsyas
03_extended_baselines,audio_plus_numeric,Mean_Acc5_Std_Mem20_PeakRatio_Chroma_E_Power_powerFFT_WinHamming_HopSize512_WinSize512_Sum_AudioCh0,audio:marsyas
03_extended_baselines,audio_plus_numeric,Mean_Acc5_Std_Mem20_PeakRatio_Chroma_F_Power_powerFFT_WinHamming_HopSize512_WinSize512_Sum_AudioCh0,audio:marsyas
03_extended_baselines,audio_plus_numeric,Mean_Acc5_Std_Mem20_PeakRatio_Chroma_F#_Power_powerFFT_WinHamming_HopSize512_WinSize512_Sum_AudioCh0,audio:marsyas
03_extended_baselines,audio_plus_numeric,Mean_Acc5_Std_Mem20_PeakRatio_Chroma_G_Power_powerFFT_WinHamming_HopSize512_WinSize512_Sum_AudioCh0,audio:marsyas
03_extended_baselines,audio_plus_numeric,Mean_Acc5_Std_Mem20_PeakRatio_Chroma_G#_Power_powerFFT_WinHamming_HopSize512_WinSize512_Sum_AudioCh0,audio:marsyas
03_extended_baselines,audio_plus_numeric,Mean_Acc5_Std_Mem20_PeakRatio_Average_Chroma_A_Power_powerFFT_WinHamming_HopSize512_WinSize512_Sum_AudioCh0,audio:marsyas
03_extended_baselines,audio_plus_numeric,Mean_Acc5_Std_Mem20_PeakRatio_Minimum_Chroma_A_Power_powerFFT_WinHamming_HopSize512_WinSize512_Sum_AudioCh0,audio:marsyas
03_extended_baselines,audio_plus_numeric,Std_Acc5_Mean_Mem20_ZeroCrossings_HopSize512_WinSize512_Sum_AudioCh0,audio:marsyas
03_extended_baselines,audio_plus_numeric,Std_Acc5_Mean_Mem20_Centroid_Power_powerFFT_WinHamming_HopSize512_WinSize512_Sum_AudioCh0,audio:marsyas
03_extended_baselines,audio_plus_numeric,Std_Acc5_Mean_Mem20_Rolloff_Power_powerFFT_WinHamming_HopSize512_WinSize512_Sum_AudioCh0,audio:marsyas
03_extended_baselines,audio_plus_numeric,Std_Acc5_Mean_Mem20_Flux_Power_powerFFT_WinHamming_HopSize512_WinSize512_Sum_AudioCh0,audio:marsyas
03_extended_baselines,audio_plus_numeric,Std_Acc5_Mean_Mem20_PeakRatio_Chroma_A_Power_powerFFT_WinHamming_HopSize512_WinSize512_Sum_AudioCh0,audio:marsyas
03_extended_baselines,audio_plus_numeric,Std_Acc5_Mean_Mem20_PeakRatio_Chroma_A#_Power_powerFFT_WinHamming_HopSize512_WinSize512_Sum_AudioCh0,audio:marsyas
03_extended_baselines,audio_plus_numeric,Std_Acc5_Mean_Mem20_PeakRatio_Chroma_B_Power_powerFFT_WinHamming_HopSize512_WinSize512_Sum_AudioCh0,audio:marsyas
03_extended_baselines,audio_plus_numeric,Std_Acc5_Mean_Mem20_PeakRatio_Chroma_C_Power_powerFFT_WinHamming_HopSize512_WinSize512_Sum_AudioCh0,audio:marsyas
03_extended_baselines,audio_plus_numeric,Std_Acc5_Mean_Mem20_PeakRatio_Chroma_C#_Power_powerFFT_WinHamming_HopSize512_WinSize512_Sum_AudioCh0,audio:marsyas
03_extended_baselines,audio_plus_numeric,Std_Acc5_Mean_Mem20_PeakRatio_Chroma_D_Power_powerFFT_WinHamming_HopSize512_WinSize512_Sum_AudioCh0,audio:marsyas
03_extended_baselines,audio_plus_numeric,Std_Acc5_Mean_Mem20_PeakRatio_Chroma_D#_Power_powerFFT_WinHamming_HopSize512_WinSize512_Sum_AudioCh0,audio:marsyas
03_extended_baselines,audio_plus_numeric,Std_Acc5_Mean_Mem20_PeakRatio_Chroma_E_Power_powerFFT_WinHamming_HopSize512_WinSize512_Sum_AudioCh0,audio:marsyas
03_extended_baselines,audio_plus_numeric,Std_Acc5_Mean_Mem20_PeakRatio_Chroma_F_Power_powerFFT_WinHamming_HopSize512_WinSize512_Sum_AudioCh0,audio:marsyas
03_extended_baselines,audio_plus_numeric,Std_Acc5_Mean_Mem20_PeakRatio_Chroma_F#_Power_powerFFT_WinHamming_HopSize512_WinSize512_Sum_AudioCh0,audio:marsyas
03_extended_baselines,audio_plus_numeric,Std_Acc5_Mean_Mem20_PeakRatio_Chroma_G_Power_powerFFT_WinHamming_HopSize512_WinSize512_Sum_AudioCh0,audio:marsyas
03_extended_baselines,audio_plus_numeric,Std_Acc5_Mean_Mem20_PeakRatio_Chroma_G#_Power_powerFFT_WinHamming_HopSize512_WinSize512_Sum_AudioCh0,audio:marsyas
03_extended_baselines,audio_plus_numeric,Std_Acc5_Mean_Mem20_PeakRatio_Average_Chroma_A_Power_powerFFT_WinHamming_HopSize512_WinSize512_Sum_AudioCh0,audio:marsyas
03_extended_baselines,audio_plus_numeric,Std_Acc5_Mean_Mem20_PeakRatio_Minimum_Chroma_A_Power_powerFFT_WinHamming_HopSize512_WinSize512_Sum_AudioCh0,audio:marsyas
03_extended_baselines,audio_plus_numeric,Std_Acc5_Std_Mem20_ZeroCrossings_HopSize512_WinSize512_Sum_AudioCh0,audio:marsyas
03_extended_baselines,audio_plus_numeric,Std_Acc5_Std_Mem20_Centroid_Power_powerFFT_WinHamming_HopSize512_WinSize512_Sum_AudioCh0,audio:marsyas
03_extended_baselines,audio_plus_numeric,Std_Acc5_Std_Mem20_Rolloff_Power_powerFFT_WinHamming_HopSize512_WinSize512_Sum_AudioCh0,audio:marsyas
03_extended_baselines,audio_plus_numeric,Std_Acc5_Std_Mem20_Flux_Power_powerFFT_WinHamming_HopSize512_WinSize512_Sum_AudioCh0,audio:marsyas
03_extended_baselines,audio_plus_numeric,Std_Acc5_Std_Mem20_PeakRatio_Chroma_A_Power_powerFFT_WinHamming_HopSize512_WinSize512_Sum_AudioCh0,audio:marsyas
03_extended_baselines,audio_plus_numeric,Std_Acc5_Std_Mem20_PeakRatio_Chroma_A#_Power_powerFFT_WinHamming_HopSize512_WinSize512_Sum_AudioCh0,audio:marsyas
03_extended_baselines,audio_plus_numeric,Std_Acc5_Std_Mem20_PeakRatio_Chroma_B_Power_powerFFT_WinHamming_HopSize512_WinSize512_Sum_AudioCh0,audio:marsyas
03_extended_baselines,audio_plus_numeric,Std_Acc5_Std_Mem20_PeakRatio_Chroma_C_Power_powerFFT_WinHamming_HopSize512_WinSize512_Sum_AudioCh0,audio:marsyas
03_extended_baselines,audio_plus_numeric,Std_Acc5_Std_Mem20_PeakRatio_Chroma_C#_Power_powerFFT_WinHamming_HopSize512_WinSize512_Sum_AudioCh0,audio:marsyas
03_extended_baselines,audio_plus_numeric,Std_Acc5_Std_Mem20_PeakRatio_Chroma_D_Power_powerFFT_WinHamming_HopSize512_WinSize512_Sum_AudioCh0,audio:marsyas
03_extended_baselines,audio_plus_numeric,Std_Acc5_Std_Mem20_PeakRatio_Chroma_D#_Power_powerFFT_WinHamming_HopSize512_WinSize512_Sum_AudioCh0,audio:marsyas
03_extended_baselines,audio_plus_numeric,Std_Acc5_Std_Mem20_PeakRatio_Chroma_E_Power_powerFFT_WinHamming_HopSize512_WinSize512_Sum_AudioCh0,audio:marsyas
03_extended_baselines,audio_plus_numeric,Std_Acc5_Std_Mem20_PeakRatio_Chroma_F_Power_powerFFT_WinHamming_HopSize512_WinSize512_Sum_AudioCh0,audio:marsyas
03_extended_baselines,audio_plus_numeric,Std_Acc5_Std_Mem20_PeakRatio_Chroma_F#_Power_powerFFT_WinHamming_HopSize512_WinSize512_Sum_AudioCh0,audio:marsyas
03_extended_baselines,audio_plus_numeric,Std_Acc5_Std_Mem20_PeakRatio_Chroma_G_Power_powerFFT_WinHamming_HopSize512_WinSize512_Sum_AudioCh0,audio:marsyas
03_extended_baselines,audio_plus_numeric,Std_Acc5_Std_Mem20_PeakRatio_Chroma_G#_Power_powerFFT_WinHamming_HopSize512_WinSize512_Sum_AudioCh0,audio:marsyas
03_extended_baselines,audio_plus_numeric,Std_Acc5_Std_Mem20_PeakRatio_Average_Chroma_A_Power_powerFFT_WinHamming_HopSize512_WinSize512_Sum_AudioCh0,audio:marsyas
03_extended_baselines,audio_plus_numeric,Std_Acc5_Std_Mem20_PeakRatio_Minimum_Chroma_A_Power_powerFFT_WinHamming_HopSize512_WinSize512_Sum_AudioCh0,audio:marsyas
03_extended_baselines,audio_plus_numeric,MFCC_Overall_Standard_Deviation_1,audio:MFCC_simple
03_extended_baselines,audio_plus_numeric,MFCC_Overall_Standard_Deviation_2,audio:MFCC_simple
03_extended_baselines,audio_plus_numeric,MFCC_Overall_Standard_Deviation_3,audio:MFCC_simple
03_extended_baselines,audio_plus_numeric,MFCC_Overall_Standard_Deviation_4,audio:MFCC_simple
03_extended_baselines,audio_plus_numeric,MFCC_Overall_Standard_Deviation_5,audio:MFCC_simple
03_extended_baselines,audio_plus_numeric,MFCC_Overall_Standard_Deviation_6,audio:MFCC_simple
03_extended_baselines,audio_plus_numeric,MFCC_Overall_Standard_Deviation_7,audio:MFCC_simple
03_extended_baselines,audio_plus_numeric,MFCC_Overall_Standard_Deviation_8,audio:MFCC_simple
03_extended_baselines,audio_plus_numeric,MFCC_Overall_Standard_Deviation_9,audio:MFCC_simple
03_extended_baselines,audio_plus_numeric,MFCC_Overall_Standard_Deviation_10,audio:MFCC_simple
03_extended_baselines,audio_plus_numeric,MFCC_Overall_Standard_Deviation_11,audio:MFCC_simple
03_extended_baselines,audio_plus_numeric,MFCC_Overall_Standard_Deviation_12,audio:MFCC_simple
03_extended_baselines,audio_plus_numeric,MFCC_Overall_Standard_Deviation_13,audio:MFCC_simple
03_extended_baselines,audio_plus_numeric,MFCC_Overall_Average_1,audio:MFCC_simple
03_extended_baselines,audio_plus_numeric,MFCC_Overall_Average_2,audio:MFCC_simple
03_extended_baselines,audio_plus_numeric,MFCC_Overall_Average_3,audio:MFCC_simple
03_extended_baselines,audio_plus_numeric,MFCC_Overall_Average_4,audio:MFCC_simple
03_extended_baselines,audio_plus_numeric,MFCC_Overall_Average_5,audio:MFCC_simple
03_extended_baselines,audio_plus_numeric,MFCC_Overall_Average_6,audio:MFCC_simple
03_extended_baselines,audio_plus_numeric,MFCC_Overall_Average_7,audio:MFCC_simple
03_extended_baselines,audio_plus_numeric,MFCC_Overall_Average_8,audio:MFCC_simple
03_extended_baselines,audio_plus_numeric,MFCC_Overall_Average_9,audio:MFCC_simple
03_extended_baselines,audio_plus_numeric,MFCC_Overall_Average_10,audio:MFCC_simple
03_extended_baselines,audio_plus_numeric,MFCC_Overall_Average_11,audio:MFCC_simple
03_extended_baselines,audio_plus_numeric,MFCC_Overall_Average_12,audio:MFCC_simple
03_extended_baselines,audio_plus_numeric,MFCC_Overall_Average_13,audio:MFCC_simple
03_extended_baselines,audio_plus_numeric,year_mean,numeric
03_extended_baselines,audio_plus_numeric,duration_mean,numeric
03_extended_baselines,audio_plus_numeric,year_known_ratio,numeric
03_extended_baselines,audio_plus_numeric,n_tracks,numeric
03_extended_baselines,audio_plus_numeric,n_genres,numeric
03_extended_baselines,audio_plus_genre,Area_Method_of_Moments_Overall_Standard_Deviation_1,audio:Area_MoM
03_extended_baselines,audio_plus_genre,Area_Method_of_Moments_Overall_Standard_Deviation_2,audio:Area_MoM
03_extended_baselines,audio_plus_genre,Area_Method_of_Moments_Overall_Standard_Deviation_3,audio:Area_MoM
03_extended_baselines,audio_plus_genre,Area_Method_of_Moments_Overall_Standard_Deviation_4,audio:Area_MoM
03_extended_baselines,audio_plus_genre,Area_Method_of_Moments_Overall_Standard_Deviation_5,audio:Area_MoM
03_extended_baselines,audio_plus_genre,Area_Method_of_Moments_Overall_Standard_Deviation_6,audio:Area_MoM
03_extended_baselines,audio_plus_genre,Area_Method_of_Moments_Overall_Standard_Deviation_7,audio:Area_MoM
03_extended_baselines,audio_plus_genre,Area_Method_of_Moments_Overall_Standard_Deviation_8,audio:Area_MoM
03_extended_baselines,audio_plus_genre,Area_Method_of_Moments_Overall_Standard_Deviation_9,audio:Area_MoM
03_extended_baselines,audio_plus_genre,Area_Method_of_Moments_Overall_Standard_Deviation_10,audio:Area_MoM
03_extended_baselines,audio_plus_genre,Area_Method_of_Moments_Overall_Average_1,audio:Area_MoM
03_extended_baselines,audio_plus_genre,Area_Method_of_Moments_Overall_Average_2,audio:Area_MoM
03_extended_baselines,audio_plus_genre,Area_Method_of_Moments_Overall_Average_3,audio:Area_MoM
03_extended_baselines,audio_plus_genre,Area_Method_of_Moments_Overall_Average_4,audio:Area_MoM
03_extended_baselines,audio_plus_genre,Area_Method_of_Moments_Overall_Average_5,audio:Area_MoM
03_extended_baselines,audio_plus_genre,Area_Method_of_Moments_Overall_Average_6,audio:Area_MoM
03_extended_baselines,audio_plus_genre,Area_Method_of_Moments_Overall_Average_7,audio:Area_MoM
03_extended_baselines,audio_plus_genre,Area_Method_of_Moments_Overall_Average_8,audio:Area_MoM
03_extended_baselines,audio_plus_genre,Area_Method_of_Moments_Overall_Average_9,audio:Area_MoM
03_extended_baselines,audio_plus_genre,Area_Method_of_Moments_Overall_Average_10,audio:Area_MoM
03_extended_baselines,audio_plus_genre,LPC_Overall_Standard_Deviation_1,audio:LPC
03_extended_baselines,audio_plus_genre,LPC_Overall_Standard_Deviation_2,audio:LPC
03_extended_baselines,audio_plus_genre,LPC_Overall_Standard_Deviation_3,audio:LPC
03_extended_baselines,audio_plus_genre,LPC_Overall_Standard_Deviation_4,audio:LPC
03_extended_baselines,audio_plus_genre,LPC_Overall_Standard_Deviation_5,audio:LPC
03_extended_baselines,audio_plus_genre,LPC_Overall_Standard_Deviation_6,audio:LPC
03_extended_baselines,audio_plus_genre,LPC_Overall_Standard_Deviation_7,audio:LPC
03_extended_baselines,audio_plus_genre,LPC_Overall_Standard_Deviation_8,audio:LPC
03_extended_baselines,audio_plus_genre,LPC_Overall_Standard_Deviation_9,audio:LPC
03_extended_baselines,audio_plus_genre,LPC_Overall_Average_1,audio:LPC
03_extended_baselines,audio_plus_genre,LPC_Overall_Average_2,audio:LPC
03_extended_baselines,audio_plus_genre,LPC_Overall_Average_3,audio:LPC
03_extended_baselines,audio_plus_genre,LPC_Overall_Average_4,audio:LPC
03_extended_baselines,audio_plus_genre,LPC_Overall_Average_5,audio:LPC
03_extended_baselines,audio_plus_genre,LPC_Overall_Average_6,audio:LPC
03_extended_baselines,audio_plus_genre,LPC_Overall_Average_7,audio:LPC
03_extended_baselines,audio_plus_genre,LPC_Overall_Average_8,audio:LPC
03_extended_baselines,audio_plus_genre,LPC_Overall_Average_9,audio:LPC
03_extended_baselines,audio_plus_genre,Spectral_Centroid_Overall_Standard_Deviation_1,audio:lowlevel
03_extended_baselines,audio_plus_genre,Spectral_Rolloff_Point_Overall_Standard_Deviation_1,audio:lowlevel
03_extended_baselines,audio_plus_genre,Spectral_Flux_Overall_Standard_Deviation_1,audio:lowlevel
03_extended_baselines,audio_plus_genre,Compactness_Overall_Standard_Deviation_1,audio:lowlevel
03_extended_baselines,audio_plus_genre,Spectral_Variability_Overall_Standard_Deviation_1,audio:lowlevel
03_extended_baselines,audio_plus_genre,Root_Mean_Square_Overall_Standard_Deviation_1,audio:lowlevel
03_extended_baselines,audio_plus_genre,Fraction_Of_Low_Energy_Windows_Overall_Standard_Deviation_1,audio:lowlevel
03_extended_baselines,audio_plus_genre,Zero_Crossings_Overall_Standard_Deviation_1,audio:lowlevel
03_extended_baselines,audio_plus_genre,Spectral_Centroid_Overall_Average_1,audio:lowlevel
03_extended_baselines,audio_plus_genre,Spectral_Rolloff_Point_Overall_Average_1,audio:lowlevel
03_extended_baselines,audio_plus_genre,Spectral_Flux_Overall_Average_1,audio:lowlevel
03_extended_baselines,audio_plus_genre,Compactness_Overall_Average_1,audio:lowlevel
03_extended_baselines,audio_plus_genre,Spectral_Variability_Overall_Average_1,audio:lowlevel
03_extended_baselines,audio_plus_genre,Root_Mean_Square_Overall_Average_1,audio:lowlevel
03_extended_baselines,audio_plus_genre,Fraction_Of_Low_Energy_Windows_Overall_Average_1,audio:lowlevel
03_extended_baselines,audio_plus_genre,Zero_Crossings_Overall_Average_1,audio:lowlevel
03_extended_baselines,audio_plus_genre,Mean_Acc5_Mean_Mem20_ZeroCrossings_HopSize512_WinSize512_Sum_AudioCh0,audio:marsyas
03_extended_baselines,audio_plus_genre,Mean_Acc5_Mean_Mem20_Centroid_Power_powerFFT_WinHamming_HopSize512_WinSize512_Sum_AudioCh0,audio:marsyas
03_extended_baselines,audio_plus_genre,Mean_Acc5_Mean_Mem20_Rolloff_Power_powerFFT_WinHamming_HopSize512_WinSize512_Sum_AudioCh0,audio:marsyas
03_extended_baselines,audio_plus_genre,Mean_Acc5_Mean_Mem20_Flux_Power_powerFFT_WinHamming_HopSize512_WinSize512_Sum_AudioCh0,audio:marsyas
03_extended_baselines,audio_plus_genre,Mean_Acc5_Mean_Mem20_PeakRatio_Chroma_A_Power_powerFFT_WinHamming_HopSize512_WinSize512_Sum_AudioCh0,audio:marsyas
03_extended_baselines,audio_plus_genre,Mean_Acc5_Mean_Mem20_PeakRatio_Chroma_A#_Power_powerFFT_WinHamming_HopSize512_WinSize512_Sum_AudioCh0,audio:marsyas
03_extended_baselines,audio_plus_genre,Mean_Acc5_Mean_Mem20_PeakRatio_Chroma_B_Power_powerFFT_WinHamming_HopSize512_WinSize512_Sum_AudioCh0,audio:marsyas
03_extended_baselines,audio_plus_genre,Mean_Acc5_Mean_Mem20_PeakRatio_Chroma_C_Power_powerFFT_WinHamming_HopSize512_WinSize512_Sum_AudioCh0,audio:marsyas
03_extended_baselines,audio_plus_genre,Mean_Acc5_Mean_Mem20_PeakRatio_Chroma_C#_Power_powerFFT_WinHamming_HopSize512_WinSize512_Sum_AudioCh0,audio:marsyas
03_extended_baselines,audio_plus_genre,Mean_Acc5_Mean_Mem20_PeakRatio_Chroma_D_Power_powerFFT_WinHamming_HopSize512_WinSize512_Sum_AudioCh0,audio:marsyas
03_extended_baselines,audio_plus_genre,Mean_Acc5_Mean_Mem20_PeakRatio_Chroma_D#_Power_powerFFT_WinHamming_HopSize512_WinSize512_Sum_AudioCh0,audio:marsyas
03_extended_baselines,audio_plus_genre,Mean_Acc5_Mean_Mem20_PeakRatio_Chroma_E_Power_powerFFT_WinHamming_HopSize512_WinSize512_Sum_AudioCh0,audio:marsyas
03_extended_baselines,audio_plus_genre,Mean_Acc5_Mean_Mem20_PeakRatio_Chroma_F_Power_powerFFT_WinHamming_HopSize512_WinSize512_Sum_AudioCh0,audio:marsyas
03_extended_baselines,audio_plus_genre,Mean_Acc5_Mean_Mem20_PeakRatio_Chroma_F#_Power_powerFFT_WinHamming_HopSize512_WinSize512_Sum_AudioCh0,audio:marsyas
03_extended_baselines,audio_plus_genre,Mean_Acc5_Mean_Mem20_PeakRatio_Chroma_G_Power_powerFFT_WinHamming_HopSize512_WinSize512_Sum_AudioCh0,audio:marsyas
03_extended_baselines,audio_plus_genre,Mean_Acc5_Mean_Mem20_PeakRatio_Chroma_G#_Power_powerFFT_WinHamming_HopSize512_WinSize512_Sum_AudioCh0,audio:marsyas
03_extended_baselines,audio_plus_genre,Mean_Acc5_Mean_Mem20_PeakRatio_Average_Chroma_A_Power_powerFFT_WinHamming_HopSize512_WinSize512_Sum_AudioCh0,audio:marsyas
03_extended_baselines,audio_plus_genre,Mean_Acc5_Mean_Mem20_PeakRatio_Minimum_Chroma_A_Power_powerFFT_WinHamming_HopSize512_WinSize512_Sum_AudioCh0,audio:marsyas
03_extended_baselines,audio_plus_genre,Mean_Acc5_Std_Mem20_ZeroCrossings_HopSize512_WinSize512_Sum_AudioCh0,audio:marsyas
03_extended_baselines,audio_plus_genre,Mean_Acc5_Std_Mem20_Centroid_Power_powerFFT_WinHamming_HopSize512_WinSize512_Sum_AudioCh0,audio:marsyas
03_extended_baselines,audio_plus_genre,Mean_Acc5_Std_Mem20_Rolloff_Power_powerFFT_WinHamming_HopSize512_WinSize512_Sum_AudioCh0,audio:marsyas
03_extended_baselines,audio_plus_genre,Mean_Acc5_Std_Mem20_Flux_Power_powerFFT_WinHamming_HopSize512_WinSize512_Sum_AudioCh0,audio:marsyas
03_extended_baselines,audio_plus_genre,Mean_Acc5_Std_Mem20_PeakRatio_Chroma_A_Power_powerFFT_WinHamming_HopSize512_WinSize512_Sum_AudioCh0,audio:marsyas
03_extended_baselines,audio_plus_genre,Mean_Acc5_Std_Mem20_PeakRatio_Chroma_A#_Power_powerFFT_WinHamming_HopSize512_WinSize512_Sum_AudioCh0,audio:marsyas
03_extended_baselines,audio_plus_genre,Mean_Acc5_Std_Mem20_PeakRatio_Chroma_B_Power_powerFFT_WinHamming_HopSize512_WinSize512_Sum_AudioCh0,audio:marsyas
03_extended_baselines,audio_plus_genre,Mean_Acc5_Std_Mem20_PeakRatio_Chroma_C_Power_powerFFT_WinHamming_HopSize512_WinSize512_Sum_AudioCh0,audio:marsyas
03_extended_baselines,audio_plus_genre,Mean_Acc5_Std_Mem20_PeakRatio_Chroma_C#_Power_powerFFT_WinHamming_HopSize512_WinSize512_Sum_AudioCh0,audio:marsyas
03_extended_baselines,audio_plus_genre,Mean_Acc5_Std_Mem20_PeakRatio_Chroma_D_Power_powerFFT_WinHamming_HopSize512_WinSize512_Sum_AudioCh0,audio:marsyas
03_extended_baselines,audio_plus_genre,Mean_Acc5_Std_Mem20_PeakRatio_Chroma_D#_Power_powerFFT_WinHamming_HopSize512_WinSize512_Sum_AudioCh0,audio:marsyas
03_extended_baselines,audio_plus_genre,Mean_Acc5_Std_Mem20_PeakRatio_Chroma_E_Power_powerFFT_WinHamming_HopSize512_WinSize512_Sum_AudioCh0,audio:marsyas
03_extended_baselines,audio_plus_genre,Mean_Acc5_Std_Mem20_PeakRatio_Chroma_F_Power_powerFFT_WinHamming_HopSize512_WinSize512_Sum_AudioCh0,audio:marsyas
03_extended_baselines,audio_plus_genre,Mean_Acc5_Std_Mem20_PeakRatio_Chroma_F#_Power_powerFFT_WinHamming_HopSize512_WinSize512_Sum_AudioCh0,audio:marsyas
03_extended_baselines,audio_plus_genre,Mean_Acc5_Std_Mem20_PeakRatio_Chroma_G_Power_powerFFT_WinHamming_HopSize512_WinSize512_Sum_AudioCh0,audio:marsyas
03_extended_baselines,audio_plus_genre,Mean_Acc5_Std_Mem20_PeakRatio_Chroma_G#_Power_powerFFT_WinHamming_HopSize512_WinSize512_Sum_AudioCh0,audio:marsyas
03_extended_baselines,audio_plus_genre,Mean_Acc5_Std_Mem20_PeakRatio_Average_Chroma_A_Power_powerFFT_WinHamming_HopSize512_WinSize512_Sum_AudioCh0,audio:marsyas
03_extended_baselines,audio_plus_genre,Mean_Acc5_Std_Mem20_PeakRatio_Minimum_Chroma_A_Power_powerFFT_WinHamming_HopSize512_WinSize512_Sum_AudioCh0,audio:marsyas
03_extended_baselines,audio_plus_genre,Std_Acc5_Mean_Mem20_ZeroCrossings_HopSize512_WinSize512_Sum_AudioCh0,audio:marsyas
03_extended_baselines,audio_plus_genre,Std_Acc5_Mean_Mem20_Centroid_Power_powerFFT_WinHamming_HopSize512_WinSize512_Sum_AudioCh0,audio:marsyas
03_extended_baselines,audio_plus_genre,Std_Acc5_Mean_Mem20_Rolloff_Power_powerFFT_WinHamming_HopSize512_WinSize512_Sum_AudioCh0,audio:marsyas
03_extended_baselines,audio_plus_genre,Std_Acc5_Mean_Mem20_Flux_Power_powerFFT_WinHamming_HopSize512_WinSize512_Sum_AudioCh0,audio:marsyas
03_extended_baselines,audio_plus_genre,Std_Acc5_Mean_Mem20_PeakRatio_Chroma_A_Power_powerFFT_WinHamming_HopSize512_WinSize512_Sum_AudioCh0,audio:marsyas
03_extended_baselines,audio_plus_genre,Std_Acc5_Mean_Mem20_PeakRatio_Chroma_A#_Power_powerFFT_WinHamming_HopSize512_WinSize512_Sum_AudioCh0,audio:marsyas
03_extended_baselines,audio_plus_genre,Std_Acc5_Mean_Mem20_PeakRatio_Chroma_B_Power_powerFFT_WinHamming_HopSize512_WinSize512_Sum_AudioCh0,audio:marsyas
03_extended_baselines,audio_plus_genre,Std_Acc5_Mean_Mem20_PeakRatio_Chroma_C_Power_powerFFT_WinHamming_HopSize512_WinSize512_Sum_AudioCh0,audio:marsyas
03_extended_baselines,audio_plus_genre,Std_Acc5_Mean_Mem20_PeakRatio_Chroma_C#_Power_powerFFT_WinHamming_HopSize512_WinSize512_Sum_AudioCh0,audio:marsyas
03_extended_baselines,audio_plus_genre,Std_Acc5_Mean_Mem20_PeakRatio_Chroma_D_Power_powerFFT_WinHamming_HopSize512_WinSize512_Sum_AudioCh0,audio:marsyas
03_extended_baselines,audio_plus_genre,Std_Acc5_Mean_Mem20_PeakRatio_Chroma_D#_Power_powerFFT_WinHamming_HopSize512_WinSize512_Sum_AudioCh0,audio:marsyas
03_extended_baselines,audio_plus_genre,Std_Acc5_Mean_Mem20_PeakRatio_Chroma_E_Power_powerFFT_WinHamming_HopSize512_WinSize512_Sum_AudioCh0,audio:marsyas
03_extended_baselines,audio_plus_genre,Std_Acc5_Mean_Mem20_PeakRatio_Chroma_F_Power_powerFFT_WinHamming_HopSize512_WinSize512_Sum_AudioCh0,audio:marsyas
03_extended_baselines,audio_plus_genre,Std_Acc5_Mean_Mem20_PeakRatio_Chroma_F#_Power_powerFFT_WinHamming_HopSize512_WinSize512_Sum_AudioCh0,audio:marsyas
03_extended_baselines,audio_plus_genre,Std_Acc5_Mean_Mem20_PeakRatio_Chroma_G_Power_powerFFT_WinHamming_HopSize512_WinSize512_Sum_AudioCh0,audio:marsyas
03_extended_baselines,audio_plus_genre,Std_Acc5_Mean_Mem20_PeakRatio_Chroma_G#_Power_powerFFT_WinHamming_HopSize512_WinSize512_Sum_AudioCh0,audio:marsyas
03_extended_baselines,audio_plus_genre,Std_Acc5_Mean_Mem20_PeakRatio_Average_Chroma_A_Power_powerFFT_WinHamming_HopSize512_WinSize512_Sum_AudioCh0,audio:marsyas
03_extended_baselines,audio_plus_genre,Std_Acc5_Mean_Mem20_PeakRatio_Minimum_Chroma_A_Power_powerFFT_WinHamming_HopSize512_WinSize512_Sum_AudioCh0,audio:marsyas
03_extended_baselines,audio_plus_genre,Std_Acc5_Std_Mem20_ZeroCrossings_HopSize512_WinSize512_Sum_AudioCh0,audio:marsyas
03_extended_baselines,audio_plus_genre,Std_Acc5_Std_Mem20_Centroid_Power_powerFFT_WinHamming_HopSize512_WinSize512_Sum_AudioCh0,audio:marsyas
03_extended_baselines,audio_plus_genre,Std_Acc5_Std_Mem20_Rolloff_Power_powerFFT_WinHamming_HopSize512_WinSize512_Sum_AudioCh0,audio:marsyas
03_extended_baselines,audio_plus_genre,Std_Acc5_Std_Mem20_Flux_Power_powerFFT_WinHamming_HopSize512_WinSize512_Sum_AudioCh0,audio:marsyas
03_extended_baselines,audio_plus_genre,Std_Acc5_Std_Mem20_PeakRatio_Chroma_A_Power_powerFFT_WinHamming_HopSize512_WinSize512_Sum_AudioCh0,audio:marsyas
03_extended_baselines,audio_plus_genre,Std_Acc5_Std_Mem20_PeakRatio_Chroma_A#_Power_powerFFT_WinHamming_HopSize512_WinSize512_Sum_AudioCh0,audio:marsyas
03_extended_baselines,audio_plus_genre,Std_Acc5_Std_Mem20_PeakRatio_Chroma_B_Power_powerFFT_WinHamming_HopSize512_WinSize512_Sum_AudioCh0,audio:marsyas
03_extended_baselines,audio_plus_genre,Std_Acc5_Std_Mem20_PeakRatio_Chroma_C_Power_powerFFT_WinHamming_HopSize512_WinSize512_Sum_AudioCh0,audio:marsyas
03_extended_baselines,audio_plus_genre,Std_Acc5_Std_Mem20_PeakRatio_Chroma_C#_Power_powerFFT_WinHamming_HopSize512_WinSize512_Sum_AudioCh0,audio:marsyas
03_extended_baselines,audio_plus_genre,Std_Acc5_Std_Mem20_PeakRatio_Chroma_D_Power_powerFFT_WinHamming_HopSize512_WinSize512_Sum_AudioCh0,audio:marsyas
03_extended_baselines,audio_plus_genre,Std_Acc5_Std_Mem20_PeakRatio_Chroma_D#_Power_powerFFT_WinHamming_HopSize512_WinSize512_Sum_AudioCh0,audio:marsyas
03_extended_baselines,audio_plus_genre,Std_Acc5_Std_Mem20_PeakRatio_Chroma_E_Power_powerFFT_WinHamming_HopSize512_WinSize512_Sum_AudioCh0,audio:marsyas
03_extended_baselines,audio_plus_genre,Std_Acc5_Std_Mem20_PeakRatio_Chroma_F_Power_powerFFT_WinHamming_HopSize512_WinSize512_Sum_AudioCh0,audio:marsyas
03_extended_baselines,audio_plus_genre,Std_Acc5_Std_Mem20_PeakRatio_Chroma_F#_Power_powerFFT_WinHamming_HopSize512_WinSize512_Sum_AudioCh0,audio:marsyas
03_extended_baselines,audio_plus_genre,Std_Acc5_Std_Mem20_PeakRatio_Chroma_G_Power_powerFFT_WinHamming_HopSize512_WinSize512_Sum_AudioCh0,audio:marsyas
03_extended_baselines,audio_plus_genre,Std_Acc5_Std_Mem20_PeakRatio_Chroma_G#_Power_powerFFT_WinHamming_HopSize512_WinSize512_Sum_AudioCh0,audio:marsyas
03_extended_baselines,audio_plus_genre,Std_Acc5_Std_Mem20_PeakRatio_Average_Chroma_A_Power_powerFFT_WinHamming_HopSize512_WinSize512_Sum_AudioCh0,audio:marsyas
03_extended_baselines,audio_plus_genre,Std_Acc5_Std_Mem20_PeakRatio_Minimum_Chroma_A_Power_powerFFT_WinHamming_HopSize512_WinSize512_Sum_AudioCh0,audio:marsyas
03_extended_baselines,audio_plus_genre,MFCC_Overall_Standard_Deviation_1,audio:MFCC_simple
03_extended_baselines,audio_plus_genre,MFCC_Overall_Standard_Deviation_2,audio:MFCC_simple
03_extended_baselines,audio_plus_genre,MFCC_Overall_Standard_Deviation_3,audio:MFCC_simple
03_extended_baselines,audio_plus_genre,MFCC_Overall_Standard_Deviation_4,audio:MFCC_simple
03_extended_baselines,audio_plus_genre,MFCC_Overall_Standard_Deviation_5,audio:MFCC_simple
03_extended_baselines,audio_plus_genre,MFCC_Overall_Standard_Deviation_6,audio:MFCC_simple
03_extended_baselines,audio_plus_genre,MFCC_Overall_Standard_Deviation_7,audio:MFCC_simple
03_extended_baselines,audio_plus_genre,MFCC_Overall_Standard_Deviation_8,audio:MFCC_simple
03_extended_baselines,audio_plus_genre,MFCC_Overall_Standard_Deviation_9,audio:MFCC_simple
03_extended_baselines,audio_plus_genre,MFCC_Overall_Standard_Deviation_10,audio:MFCC_simple
03_extended_baselines,audio_plus_genre,MFCC_Overall_Standard_Deviation_11,audio:MFCC_simple
03_extended_baselines,audio_plus_genre,MFCC_Overall_Standard_Deviation_12,audio:MFCC_simple
03_extended_baselines,audio_plus_genre,MFCC_Overall_Standard_Deviation_13,audio:MFCC_simple
03_extended_baselines,audio_plus_genre,MFCC_Overall_Average_1,audio:MFCC_simple
03_extended_baselines,audio_plus_genre,MFCC_Overall_Average_2,audio:MFCC_simple
03_extended_baselines,audio_plus_genre,MFCC_Overall_Average_3,audio:MFCC_simple
03_extended_baselines,audio_plus_genre,MFCC_Overall_Average_4,audio:MFCC_simple
03_extended_baselines,audio_plus_genre,MFCC_Overall_Average_5,audio:MFCC_simple
03_extended_baselines,audio_plus_genre,MFCC_Overall_Average_6,audio:MFCC_simple
03_extended_baselines,audio_plus_genre,MFCC_Overall_Average_7,audio:MFCC_simple
03_extended_baselines,audio_plus_genre,MFCC_Overall_Average_8,audio:MFCC_simple
03_extended_baselines,audio_plus_genre,MFCC_Overall_Average_9,audio:MFCC_simple
03_extended_baselines,audio_plus_genre,MFCC_Overall_Average_10,audio:MFCC_simple
03_extended_baselines,audio_plus_genre,MFCC_Overall_Average_11,audio:MFCC_simple
03_extended_baselines,audio_plus_genre,MFCC_Overall_Average_12,audio:MFCC_simple
03_extended_baselines,audio_plus_genre,MFCC_Overall_Average_13,audio:MFCC_simple
03_extended_baselines,audio_plus_genre,genre_rock,genre
03_extended_baselines,audio_plus_genre,genre_electronic,genre
03_extended_baselines,audio_plus_genre,genre_pop,genre
03_extended_baselines,audio_plus_genre,genre_alternative rock,genre
03_extended_baselines,audio_plus_genre,genre_hip hop,genre
03_extended_baselines,audio_plus_genre,genre_united states,genre
03_extended_baselines,audio_plus_genre,genre_house,genre
03_extended_baselines,audio_plus_genre,genre_jazz,genre
03_extended_baselines,audio_plus_genre,genre_alternative,genre
03_extended_baselines,audio_plus_genre,genre_indie,genre
03_extended_baselines,audio_plus_genre,genre_electro,genre
03_extended_baselines,audio_plus_genre,genre_indie rock,genre
03_extended_baselines,audio_plus_genre,genre_experimental,genre
03_extended_baselines,audio_plus_genre,genre_pop rock,genre
03_extended_baselines,audio_plus_genre,genre_punk,genre
03_extended_baselines,audio_plus_genre,genre_techno,genre
03_extended_baselines,audio_plus_genre,genre_folk,genre
03_extended_baselines,audio_plus_genre,genre_downtempo,genre
03_extended_baselines,audio_plus_genre,genre_ambient,genre
03_extended_baselines,audio_plus_genre,genre_soul,genre
03_extended_baselines,audio_plus_genre,genre_germany,genre
03_extended_baselines,audio_plus_genre,genre_electronica,genre
03_extended_baselines,audio_plus_genre,genre_disco,genre
03_extended_baselines,audio_plus_genre,genre_american,genre
03_extended_baselines,audio_plus_genre,genre_trance,genre
03_extended_baselines,audio_plus_genre,genre_synthpop,genre
03_extended_baselines,audio_plus_genre,genre_funk,genre
03_extended_baselines,audio_plus_genre,genre_world,genre
03_extended_baselines,audio_plus_genre,genre_blues,genre
03_extended_baselines,audio_plus_genre,genre_hardcore,genre
03_extended_baselines,full_187,Area_Method_of_Moments_Overall_Standard_Deviation_1,audio:Area_MoM
03_extended_baselines,full_187,Area_Method_of_Moments_Overall_Standard_Deviation_2,audio:Area_MoM
03_extended_baselines,full_187,Area_Method_of_Moments_Overall_Standard_Deviation_3,audio:Area_MoM
03_extended_baselines,full_187,Area_Method_of_Moments_Overall_Standard_Deviation_4,audio:Area_MoM
03_extended_baselines,full_187,Area_Method_of_Moments_Overall_Standard_Deviation_5,audio:Area_MoM
03_extended_baselines,full_187,Area_Method_of_Moments_Overall_Standard_Deviation_6,audio:Area_MoM
03_extended_baselines,full_187,Area_Method_of_Moments_Overall_Standard_Deviation_7,audio:Area_MoM
03_extended_baselines,full_187,Area_Method_of_Moments_Overall_Standard_Deviation_8,audio:Area_MoM
03_extended_baselines,full_187,Area_Method_of_Moments_Overall_Standard_Deviation_9,audio:Area_MoM
03_extended_baselines,full_187,Area_Method_of_Moments_Overall_Standard_Deviation_10,audio:Area_MoM
03_extended_baselines,full_187,Area_Method_of_Moments_Overall_Average_1,audio:Area_MoM
03_extended_baselines,full_187,Area_Method_of_Moments_Overall_Average_2,audio:Area_MoM
03_extended_baselines,full_187,Area_Method_of_Moments_Overall_Average_3,audio:Area_MoM
03_extended_baselines,full_187,Area_Method_of_Moments_Overall_Average_4,audio:Area_MoM
03_extended_baselines,full_187,Area_Method_of_Moments_Overall_Average_5,audio:Area_MoM
03_extended_baselines,full_187,Area_Method_of_Moments_Overall_Average_6,audio:Area_MoM
03_extended_baselines,full_187,Area_Method_of_Moments_Overall_Average_7,audio:Area_MoM
03_extended_baselines,full_187,Area_Method_of_Moments_Overall_Average_8,audio:Area_MoM
03_extended_baselines,full_187,Area_Method_of_Moments_Overall_Average_9,audio:Area_MoM
03_extended_baselines,full_187,Area_Method_of_Moments_Overall_Average_10,audio:Area_MoM
03_extended_baselines,full_187,LPC_Overall_Standard_Deviation_1,audio:LPC
03_extended_baselines,full_187,LPC_Overall_Standard_Deviation_2,audio:LPC
03_extended_baselines,full_187,LPC_Overall_Standard_Deviation_3,audio:LPC
03_extended_baselines,full_187,LPC_Overall_Standard_Deviation_4,audio:LPC
03_extended_baselines,full_187,LPC_Overall_Standard_Deviation_5,audio:LPC
03_extended_baselines,full_187,LPC_Overall_Standard_Deviation_6,audio:LPC
03_extended_baselines,full_187,LPC_Overall_Standard_Deviation_7,audio:LPC
03_extended_baselines,full_187,LPC_Overall_Standard_Deviation_8,audio:LPC
03_extended_baselines,full_187,LPC_Overall_Standard_Deviation_9,audio:LPC
03_extended_baselines,full_187,LPC_Overall_Average_1,audio:LPC
03_extended_baselines,full_187,LPC_Overall_Average_2,audio:LPC
03_extended_baselines,full_187,LPC_Overall_Average_3,audio:LPC
03_extended_baselines,full_187,LPC_Overall_Average_4,audio:LPC
03_extended_baselines,full_187,LPC_Overall_Average_5,audio:LPC
03_extended_baselines,full_187,LPC_Overall_Average_6,audio:LPC
03_extended_baselines,full_187,LPC_Overall_Average_7,audio:LPC
03_extended_baselines,full_187,LPC_Overall_Average_8,audio:LPC
03_extended_baselines,full_187,LPC_Overall_Average_9,audio:LPC
03_extended_baselines,full_187,Spectral_Centroid_Overall_Standard_Deviation_1,audio:lowlevel
03_extended_baselines,full_187,Spectral_Rolloff_Point_Overall_Standard_Deviation_1,audio:lowlevel
03_extended_baselines,full_187,Spectral_Flux_Overall_Standard_Deviation_1,audio:lowlevel
03_extended_baselines,full_187,Compactness_Overall_Standard_Deviation_1,audio:lowlevel
03_extended_baselines,full_187,Spectral_Variability_Overall_Standard_Deviation_1,audio:lowlevel
03_extended_baselines,full_187,Root_Mean_Square_Overall_Standard_Deviation_1,audio:lowlevel
03_extended_baselines,full_187,Fraction_Of_Low_Energy_Windows_Overall_Standard_Deviation_1,audio:lowlevel
03_extended_baselines,full_187,Zero_Crossings_Overall_Standard_Deviation_1,audio:lowlevel
03_extended_baselines,full_187,Spectral_Centroid_Overall_Average_1,audio:lowlevel
03_extended_baselines,full_187,Spectral_Rolloff_Point_Overall_Average_1,audio:lowlevel
03_extended_baselines,full_187,Spectral_Flux_Overall_Average_1,audio:lowlevel
03_extended_baselines,full_187,Compactness_Overall_Average_1,audio:lowlevel
03_extended_baselines,full_187,Spectral_Variability_Overall_Average_1,audio:lowlevel
03_extended_baselines,full_187,Root_Mean_Square_Overall_Average_1,audio:lowlevel
03_extended_baselines,full_187,Fraction_Of_Low_Energy_Windows_Overall_Average_1,audio:lowlevel
03_extended_baselines,full_187,Zero_Crossings_Overall_Average_1,audio:lowlevel
03_extended_baselines,full_187,Mean_Acc5_Mean_Mem20_ZeroCrossings_HopSize512_WinSize512_Sum_AudioCh0,audio:marsyas
03_extended_baselines,full_187,Mean_Acc5_Mean_Mem20_Centroid_Power_powerFFT_WinHamming_HopSize512_WinSize512_Sum_AudioCh0,audio:marsyas
03_extended_baselines,full_187,Mean_Acc5_Mean_Mem20_Rolloff_Power_powerFFT_WinHamming_HopSize512_WinSize512_Sum_AudioCh0,audio:marsyas
03_extended_baselines,full_187,Mean_Acc5_Mean_Mem20_Flux_Power_powerFFT_WinHamming_HopSize512_WinSize512_Sum_AudioCh0,audio:marsyas
03_extended_baselines,full_187,Mean_Acc5_Mean_Mem20_PeakRatio_Chroma_A_Power_powerFFT_WinHamming_HopSize512_WinSize512_Sum_AudioCh0,audio:marsyas
03_extended_baselines,full_187,Mean_Acc5_Mean_Mem20_PeakRatio_Chroma_A#_Power_powerFFT_WinHamming_HopSize512_WinSize512_Sum_AudioCh0,audio:marsyas
03_extended_baselines,full_187,Mean_Acc5_Mean_Mem20_PeakRatio_Chroma_B_Power_powerFFT_WinHamming_HopSize512_WinSize512_Sum_AudioCh0,audio:marsyas
03_extended_baselines,full_187,Mean_Acc5_Mean_Mem20_PeakRatio_Chroma_C_Power_powerFFT_WinHamming_HopSize512_WinSize512_Sum_AudioCh0,audio:marsyas
03_extended_baselines,full_187,Mean_Acc5_Mean_Mem20_PeakRatio_Chroma_C#_Power_powerFFT_WinHamming_HopSize512_WinSize512_Sum_AudioCh0,audio:marsyas
03_extended_baselines,full_187,Mean_Acc5_Mean_Mem20_PeakRatio_Chroma_D_Power_powerFFT_WinHamming_HopSize512_WinSize512_Sum_AudioCh0,audio:marsyas
03_extended_baselines,full_187,Mean_Acc5_Mean_Mem20_PeakRatio_Chroma_D#_Power_powerFFT_WinHamming_HopSize512_WinSize512_Sum_AudioCh0,audio:marsyas
03_extended_baselines,full_187,Mean_Acc5_Mean_Mem20_PeakRatio_Chroma_E_Power_powerFFT_WinHamming_HopSize512_WinSize512_Sum_AudioCh0,audio:marsyas
03_extended_baselines,full_187,Mean_Acc5_Mean_Mem20_PeakRatio_Chroma_F_Power_powerFFT_WinHamming_HopSize512_WinSize512_Sum_AudioCh0,audio:marsyas
03_extended_baselines,full_187,Mean_Acc5_Mean_Mem20_PeakRatio_Chroma_F#_Power_powerFFT_WinHamming_HopSize512_WinSize512_Sum_AudioCh0,audio:marsyas
03_extended_baselines,full_187,Mean_Acc5_Mean_Mem20_PeakRatio_Chroma_G_Power_powerFFT_WinHamming_HopSize512_WinSize512_Sum_AudioCh0,audio:marsyas
03_extended_baselines,full_187,Mean_Acc5_Mean_Mem20_PeakRatio_Chroma_G#_Power_powerFFT_WinHamming_HopSize512_WinSize512_Sum_AudioCh0,audio:marsyas
03_extended_baselines,full_187,Mean_Acc5_Mean_Mem20_PeakRatio_Average_Chroma_A_Power_powerFFT_WinHamming_HopSize512_WinSize512_Sum_AudioCh0,audio:marsyas
03_extended_baselines,full_187,Mean_Acc5_Mean_Mem20_PeakRatio_Minimum_Chroma_A_Power_powerFFT_WinHamming_HopSize512_WinSize512_Sum_AudioCh0,audio:marsyas
03_extended_baselines,full_187,Mean_Acc5_Std_Mem20_ZeroCrossings_HopSize512_WinSize512_Sum_AudioCh0,audio:marsyas
03_extended_baselines,full_187,Mean_Acc5_Std_Mem20_Centroid_Power_powerFFT_WinHamming_HopSize512_WinSize512_Sum_AudioCh0,audio:marsyas
03_extended_baselines,full_187,Mean_Acc5_Std_Mem20_Rolloff_Power_powerFFT_WinHamming_HopSize512_WinSize512_Sum_AudioCh0,audio:marsyas
03_extended_baselines,full_187,Mean_Acc5_Std_Mem20_Flux_Power_powerFFT_WinHamming_HopSize512_WinSize512_Sum_AudioCh0,audio:marsyas
03_extended_baselines,full_187,Mean_Acc5_Std_Mem20_PeakRatio_Chroma_A_Power_powerFFT_WinHamming_HopSize512_WinSize512_Sum_AudioCh0,audio:marsyas
03_extended_baselines,full_187,Mean_Acc5_Std_Mem20_PeakRatio_Chroma_A#_Power_powerFFT_WinHamming_HopSize512_WinSize512_Sum_AudioCh0,audio:marsyas
03_extended_baselines,full_187,Mean_Acc5_Std_Mem20_PeakRatio_Chroma_B_Power_powerFFT_WinHamming_HopSize512_WinSize512_Sum_AudioCh0,audio:marsyas
03_extended_baselines,full_187,Mean_Acc5_Std_Mem20_PeakRatio_Chroma_C_Power_powerFFT_WinHamming_HopSize512_WinSize512_Sum_AudioCh0,audio:marsyas
03_extended_baselines,full_187,Mean_Acc5_Std_Mem20_PeakRatio_Chroma_C#_Power_powerFFT_WinHamming_HopSize512_WinSize512_Sum_AudioCh0,audio:marsyas
03_extended_baselines,full_187,Mean_Acc5_Std_Mem20_PeakRatio_Chroma_D_Power_powerFFT_WinHamming_HopSize512_WinSize512_Sum_AudioCh0,audio:marsyas
03_extended_baselines,full_187,Mean_Acc5_Std_Mem20_PeakRatio_Chroma_D#_Power_powerFFT_WinHamming_HopSize512_WinSize512_Sum_AudioCh0,audio:marsyas
03_extended_baselines,full_187,Mean_Acc5_Std_Mem20_PeakRatio_Chroma_E_Power_powerFFT_WinHamming_HopSize512_WinSize512_Sum_AudioCh0,audio:marsyas
03_extended_baselines,full_187,Mean_Acc5_Std_Mem20_PeakRatio_Chroma_F_Power_powerFFT_WinHamming_HopSize512_WinSize512_Sum_AudioCh0,audio:marsyas
03_extended_baselines,full_187,Mean_Acc5_Std_Mem20_PeakRatio_Chroma_F#_Power_powerFFT_WinHamming_HopSize512_WinSize512_Sum_AudioCh0,audio:marsyas
03_extended_baselines,full_187,Mean_Acc5_Std_Mem20_PeakRatio_Chroma_G_Power_powerFFT_WinHamming_HopSize512_WinSize512_Sum_AudioCh0,audio:marsyas
03_extended_baselines,full_187,Mean_Acc5_Std_Mem20_PeakRatio_Chroma_G#_Power_powerFFT_WinHamming_HopSize512_WinSize512_Sum_AudioCh0,audio:marsyas
03_extended_baselines,full_187,Mean_Acc5_Std_Mem20_PeakRatio_Average_Chroma_A_Power_powerFFT_WinHamming_HopSize512_WinSize512_Sum_AudioCh0,audio:marsyas
03_extended_baselines,full_187,Mean_Acc5_Std_Mem20_PeakRatio_Minimum_Chroma_A_Power_powerFFT_WinHamming_HopSize512_WinSize512_Sum_AudioCh0,audio:marsyas
03_extended_baselines,full_187,Std_Acc5_Mean_Mem20_ZeroCrossings_HopSize512_WinSize512_Sum_AudioCh0,audio:marsyas
03_extended_baselines,full_187,Std_Acc5_Mean_Mem20_Centroid_Power_powerFFT_WinHamming_HopSize512_WinSize512_Sum_AudioCh0,audio:marsyas
03_extended_baselines,full_187,Std_Acc5_Mean_Mem20_Rolloff_Power_powerFFT_WinHamming_HopSize512_WinSize512_Sum_AudioCh0,audio:marsyas
03_extended_baselines,full_187,Std_Acc5_Mean_Mem20_Flux_Power_powerFFT_WinHamming_HopSize512_WinSize512_Sum_AudioCh0,audio:marsyas
03_extended_baselines,full_187,Std_Acc5_Mean_Mem20_PeakRatio_Chroma_A_Power_powerFFT_WinHamming_HopSize512_WinSize512_Sum_AudioCh0,audio:marsyas
03_extended_baselines,full_187,Std_Acc5_Mean_Mem20_PeakRatio_Chroma_A#_Power_powerFFT_WinHamming_HopSize512_WinSize512_Sum_AudioCh0,audio:marsyas
03_extended_baselines,full_187,Std_Acc5_Mean_Mem20_PeakRatio_Chroma_B_Power_powerFFT_WinHamming_HopSize512_WinSize512_Sum_AudioCh0,audio:marsyas
03_extended_baselines,full_187,Std_Acc5_Mean_Mem20_PeakRatio_Chroma_C_Power_powerFFT_WinHamming_HopSize512_WinSize512_Sum_AudioCh0,audio:marsyas
03_extended_baselines,full_187,Std_Acc5_Mean_Mem20_PeakRatio_Chroma_C#_Power_powerFFT_WinHamming_HopSize512_WinSize512_Sum_AudioCh0,audio:marsyas
03_extended_baselines,full_187,Std_Acc5_Mean_Mem20_PeakRatio_Chroma_D_Power_powerFFT_WinHamming_HopSize512_WinSize512_Sum_AudioCh0,audio:marsyas
03_extended_baselines,full_187,Std_Acc5_Mean_Mem20_PeakRatio_Chroma_D#_Power_powerFFT_WinHamming_HopSize512_WinSize512_Sum_AudioCh0,audio:marsyas
03_extended_baselines,full_187,Std_Acc5_Mean_Mem20_PeakRatio_Chroma_E_Power_powerFFT_WinHamming_HopSize512_WinSize512_Sum_AudioCh0,audio:marsyas
03_extended_baselines,full_187,Std_Acc5_Mean_Mem20_PeakRatio_Chroma_F_Power_powerFFT_WinHamming_HopSize512_WinSize512_Sum_AudioCh0,audio:marsyas
03_extended_baselines,full_187,Std_Acc5_Mean_Mem20_PeakRatio_Chroma_F#_Power_powerFFT_WinHamming_HopSize512_WinSize512_Sum_AudioCh0,audio:marsyas
03_extended_baselines,full_187,Std_Acc5_Mean_Mem20_PeakRatio_Chroma_G_Power_powerFFT_WinHamming_HopSize512_WinSize512_Sum_AudioCh0,audio:marsyas
03_extended_baselines,full_187,Std_Acc5_Mean_Mem20_PeakRatio_Chroma_G#_Power_powerFFT_WinHamming_HopSize512_WinSize512_Sum_AudioCh0,audio:marsyas
03_extended_baselines,full_187,Std_Acc5_Mean_Mem20_PeakRatio_Average_Chroma_A_Power_powerFFT_WinHamming_HopSize512_WinSize512_Sum_AudioCh0,audio:marsyas
03_extended_baselines,full_187,Std_Acc5_Mean_Mem20_PeakRatio_Minimum_Chroma_A_Power_powerFFT_WinHamming_HopSize512_WinSize512_Sum_AudioCh0,audio:marsyas
03_extended_baselines,full_187,Std_Acc5_Std_Mem20_ZeroCrossings_HopSize512_WinSize512_Sum_AudioCh0,audio:marsyas
03_extended_baselines,full_187,Std_Acc5_Std_Mem20_Centroid_Power_powerFFT_WinHamming_HopSize512_WinSize512_Sum_AudioCh0,audio:marsyas
03_extended_baselines,full_187,Std_Acc5_Std_Mem20_Rolloff_Power_powerFFT_WinHamming_HopSize512_WinSize512_Sum_AudioCh0,audio:marsyas
03_extended_baselines,full_187,Std_Acc5_Std_Mem20_Flux_Power_powerFFT_WinHamming_HopSize512_WinSize512_Sum_AudioCh0,audio:marsyas
03_extended_baselines,full_187,Std_Acc5_Std_Mem20_PeakRatio_Chroma_A_Power_powerFFT_WinHamming_HopSize512_WinSize512_Sum_AudioCh0,audio:marsyas
03_extended_baselines,full_187,Std_Acc5_Std_Mem20_PeakRatio_Chroma_A#_Power_powerFFT_WinHamming_HopSize512_WinSize512_Sum_AudioCh0,audio:marsyas
03_extended_baselines,full_187,Std_Acc5_Std_Mem20_PeakRatio_Chroma_B_Power_powerFFT_WinHamming_HopSize512_WinSize512_Sum_AudioCh0,audio:marsyas
03_extended_baselines,full_187,Std_Acc5_Std_Mem20_PeakRatio_Chroma_C_Power_powerFFT_WinHamming_HopSize512_WinSize512_Sum_AudioCh0,audio:marsyas
03_extended_baselines,full_187,Std_Acc5_Std_Mem20_PeakRatio_Chroma_C#_Power_powerFFT_WinHamming_HopSize512_WinSize512_Sum_AudioCh0,audio:marsyas
03_extended_baselines,full_187,Std_Acc5_Std_Mem20_PeakRatio_Chroma_D_Power_powerFFT_WinHamming_HopSize512_WinSize512_Sum_AudioCh0,audio:marsyas
03_extended_baselines,full_187,Std_Acc5_Std_Mem20_PeakRatio_Chroma_D#_Power_powerFFT_WinHamming_HopSize512_WinSize512_Sum_AudioCh0,audio:marsyas
03_extended_baselines,full_187,Std_Acc5_Std_Mem20_PeakRatio_Chroma_E_Power_powerFFT_WinHamming_HopSize512_WinSize512_Sum_AudioCh0,audio:marsyas
03_extended_baselines,full_187,Std_Acc5_Std_Mem20_PeakRatio_Chroma_F_Power_powerFFT_WinHamming_HopSize512_WinSize512_Sum_AudioCh0,audio:marsyas
03_extended_baselines,full_187,Std_Acc5_Std_Mem20_PeakRatio_Chroma_F#_Power_powerFFT_WinHamming_HopSize512_WinSize512_Sum_AudioCh0,audio:marsyas
03_extended_baselines,full_187,Std_Acc5_Std_Mem20_PeakRatio_Chroma_G_Power_powerFFT_WinHamming_HopSize512_WinSize512_Sum_AudioCh0,audio:marsyas
03_extended_baselines,full_187,Std_Acc5_Std_Mem20_PeakRatio_Chroma_G#_Power_powerFFT_WinHamming_HopSize512_WinSize512_Sum_AudioCh0,audio:marsyas
03_extended_baselines,full_187,Std_Acc5_Std_Mem20_PeakRatio_Average_Chroma_A_Power_powerFFT_WinHamming_HopSize512_WinSize512_Sum_AudioCh0,audio:marsyas
03_extended_baselines,full_187,Std_Acc5_Std_Mem20_PeakRatio_Minimum_Chroma_A_Power_powerFFT_WinHamming_HopSize512_WinSize512_Sum_AudioCh0,audio:marsyas
03_extended_baselines,full_187,MFCC_Overall_Standard_Deviation_1,audio:MFCC_simple
03_extended_baselines,full_187,MFCC_Overall_Standard_Deviation_2,audio:MFCC_simple
03_extended_baselines,full_187,MFCC_Overall_Standard_Deviation_3,audio:MFCC_simple
03_extended_baselines,full_187,MFCC_Overall_Standard_Deviation_4,audio:MFCC_simple
03_extended_baselines,full_187,MFCC_Overall_Standard_Deviation_5,audio:MFCC_simple
03_extended_baselines,full_187,MFCC_Overall_Standard_Deviation_6,audio:MFCC_simple
03_extended_baselines,full_187,MFCC_Overall_Standard_Deviation_7,audio:MFCC_simple
03_extended_baselines,full_187,MFCC_Overall_Standard_Deviation_8,audio:MFCC_simple
03_extended_baselines,full_187,MFCC_Overall_Standard_Deviation_9,audio:MFCC_simple
03_extended_baselines,full_187,MFCC_Overall_Standard_Deviation_10,audio:MFCC_simple
03_extended_baselines,full_187,MFCC_Overall_Standard_Deviation_11,audio:MFCC_simple
03_extended_baselines,full_187,MFCC_Overall_Standard_Deviation_12,audio:MFCC_simple
03_extended_baselines,full_187,MFCC_Overall_Standard_Deviation_13,audio:MFCC_simple
03_extended_baselines,full_187,MFCC_Overall_Average_1,audio:MFCC_simple
03_extended_baselines,full_187,MFCC_Overall_Average_2,audio:MFCC_simple
03_extended_baselines,full_187,MFCC_Overall_Average_3,audio:MFCC_simple
03_extended_baselines,full_187,MFCC_Overall_Average_4,audio:MFCC_simple
03_extended_baselines,full_187,MFCC_Overall_Average_5,audio:MFCC_simple
03_extended_baselines,full_187,MFCC_Overall_Average_6,audio:MFCC_simple
03_extended_baselines,full_187,MFCC_Overall_Average_7,audio:MFCC_simple
03_extended_baselines,full_187,MFCC_Overall_Average_8,audio:MFCC_simple
03_extended_baselines,full_187,MFCC_Overall_Average_9,audio:MFCC_simple
03_extended_baselines,full_187,MFCC_Overall_Average_10,audio:MFCC_simple
03_extended_baselines,full_187,MFCC_Overall_Average_11,audio:MFCC_simple
03_extended_baselines,full_187,MFCC_Overall_Average_12,audio:MFCC_simple
03_extended_baselines,full_187,MFCC_Overall_Average_13,audio:MFCC_simple
03_extended_baselines,full_187,year_mean,numeric
03_extended_baselines,full_187,duration_mean,numeric
03_extended_baselines,full_187,year_known_ratio,numeric
03_extended_baselines,full_187,n_tracks,numeric
03_extended_baselines,full_187,n_genres,numeric
03_extended_baselines,full_187,genre_rock,genre
03_extended_baselines,full_187,genre_electronic,genre
03_extended_baselines,full_187,genre_pop,genre
03_extended_baselines,full_187,genre_alternative rock,genre
03_extended_baselines,full_187,genre_hip hop,genre
03_extended_baselines,full_187,genre_united states,genre
03_extended_baselines,full_187,genre_house,genre
03_extended_baselines,full_187,genre_jazz,genre
03_extended_baselines,full_187,genre_alternative,genre
03_extended_baselines,full_187,genre_indie,genre
03_extended_baselines,full_187,genre_electro,genre
03_extended_baselines,full_187,genre_indie rock,genre
03_extended_baselines,full_187,genre_experimental,genre
03_extended_baselines,full_187,genre_pop rock,genre
03_extended_baselines,full_187,genre_punk,genre
03_extended_baselines,full_187,genre_techno,genre
03_extended_baselines,full_187,genre_folk,genre
03_extended_baselines,full_187,genre_downtempo,genre
03_extended_baselines,full_187,genre_ambient,genre
03_extended_baselines,full_187,genre_soul,genre
03_extended_baselines,full_187,genre_germany,genre
03_extended_baselines,full_187,genre_electronica,genre
03_extended_baselines,full_187,genre_disco,genre
03_extended_baselines,full_187,genre_american,genre
03_extended_baselines,full_187,genre_trance,genre
03_extended_baselines,full_187,genre_synthpop,genre
03_extended_baselines,full_187,genre_funk,genre
03_extended_baselines,full_187,genre_world,genre
03_extended_baselines,full_187,genre_blues,genre
03_extended_baselines,full_187,genre_hardcore,genre
03_extended_baselines,non_audio_only,year_mean,numeric
03_extended_baselines,non_audio_only,duration_mean,numeric
03_extended_baselines,non_audio_only,year_known_ratio,numeric
03_extended_baselines,non_audio_only,n_tracks,numeric
03_extended_baselines,non_audio_only,n_genres,numeric
03_extended_baselines,non_audio_only,genre_rock,genre
03_extended_baselines,non_audio_only,genre_electronic,genre
03_extended_baselines,non_audio_only,genre_pop,genre
03_extended_baselines,non_audio_only,genre_alternative rock,genre
03_extended_baselines,non_audio_only,genre_hip hop,genre
03_extended_baselines,non_audio_only,genre_united states,genre
03_extended_baselines,non_audio_only,genre_house,genre
03_extended_baselines,non_audio_only,genre_jazz,genre
03_extended_baselines,non_audio_only,genre_alternative,genre
03_extended_baselines,non_audio_only,genre_indie,genre
03_extended_baselines,non_audio_only,genre_electro,genre
03_extended_baselines,non_audio_only,genre_indie rock,genre
03_extended_baselines,non_audio_only,genre_experimental,genre
03_extended_baselines,non_audio_only,genre_pop rock,genre
03_extended_baselines,non_audio_only,genre_punk,genre
03_extended_baselines,non_audio_only,genre_techno,genre
03_extended_baselines,non_audio_only,genre_folk,genre
03_extended_baselines,non_audio_only,genre_downtempo,genre
03_extended_baselines,non_audio_only,genre_ambient,genre
03_extended_baselines,non_audio_only,genre_soul,genre
03_extended_baselines,non_audio_only,genre_germany,genre
03_extended_baselines,non_audio_only,genre_electronica,genre
03_extended_baselines,non_audio_only,genre_disco,genre
03_extended_baselines,non_audio_only,genre_american,genre
03_extended_baselines,non_audio_only,genre_trance,genre
03_extended_baselines,non_audio_only,genre_synthpop,genre
03_extended_baselines,non_audio_only,genre_funk,genre
03_extended_baselines,non_audio_only,genre_world,genre
03_extended_baselines,non_audio_only,genre_blues,genre
03_extended_baselines,non_audio_only,genre_hardcore,genre
03_extended_baselines,numeric_only,year_mean,numeric
03_extended_baselines,numeric_only,duration_mean,numeric
03_extended_baselines,numeric_only,year_known_ratio,numeric
03_extended_baselines,numeric_only,n_tracks,numeric
03_extended_baselines,numeric_only,n_genres,numeric
03_extended_baselines,genre_only,genre_rock,genre
03_extended_baselines,genre_only,genre_electronic,genre
03_extended_baselines,genre_only,genre_pop,genre
03_extended_baselines,genre_only,genre_alternative rock,genre
03_extended_baselines,genre_only,genre_hip hop,genre
03_extended_baselines,genre_only,genre_united states,genre
03_extended_baselines,genre_only,genre_house,genre
03_extended_baselines,genre_only,genre_jazz,genre
03_extended_baselines,genre_only,genre_alternative,genre
03_extended_baselines,genre_only,genre_indie,genre
03_extended_baselines,genre_only,genre_electro,genre
03_extended_baselines,genre_only,genre_indie rock,genre
03_extended_baselines,genre_only,genre_experimental,genre
03_extended_baselines,genre_only,genre_pop rock,genre
03_extended_baselines,genre_only,genre_punk,genre
03_extended_baselines,genre_only,genre_techno,genre
03_extended_baselines,genre_only,genre_folk,genre
03_extended_baselines,genre_only,genre_downtempo,genre
03_extended_baselines,genre_only,genre_ambient,genre
03_extended_baselines,genre_only,genre_soul,genre
03_extended_baselines,genre_only,genre_germany,genre
03_extended_baselines,genre_only,genre_electronica,genre
03_extended_baselines,genre_only,genre_disco,genre
03_extended_baselines,genre_only,genre_american,genre
03_extended_baselines,genre_only,genre_trance,genre
03_extended_baselines,genre_only,genre_synthpop,genre
03_extended_baselines,genre_only,genre_funk,genre
03_extended_baselines,genre_only,genre_world,genre
03_extended_baselines,genre_only,genre_blues,genre
03_extended_baselines,genre_only,genre_hardcore,genre
04_feature_importance,full_187,Area_Method_of_Moments_Overall_Standard_Deviation_1,audio:Area_MoM
04_feature_importance,full_187,Area_Method_of_Moments_Overall_Standard_Deviation_2,audio:Area_MoM
04_feature_importance,full_187,Area_Method_of_Moments_Overall_Standard_Deviation_3,audio:Area_MoM
04_feature_importance,full_187,Area_Method_of_Moments_Overall_Standard_Deviation_4,audio:Area_MoM
04_feature_importance,full_187,Area_Method_of_Moments_Overall_Standard_Deviation_5,audio:Area_MoM
04_feature_importance,full_187,Area_Method_of_Moments_Overall_Standard_Deviation_6,audio:Area_MoM
04_feature_importance,full_187,Area_Method_of_Moments_Overall_Standard_Deviation_7,audio:Area_MoM
04_feature_importance,full_187,Area_Method_of_Moments_Overall_Standard_Deviation_8,audio:Area_MoM
04_feature_importance,full_187,Area_Method_of_Moments_Overall_Standard_Deviation_9,audio:Area_MoM
04_feature_importance,full_187,Area_Method_of_Moments_Overall_Standard_Deviation_10,audio:Area_MoM
04_feature_importance,full_187,Area_Method_of_Moments_Overall_Average_1,audio:Area_MoM
04_feature_importance,full_187,Area_Method_of_Moments_Overall_Average_2,audio:Area_MoM
04_feature_importance,full_187,Area_Method_of_Moments_Overall_Average_3,audio:Area_MoM
04_feature_importance,full_187,Area_Method_of_Moments_Overall_Average_4,audio:Area_MoM
04_feature_importance,full_187,Area_Method_of_Moments_Overall_Average_5,audio:Area_MoM
04_feature_importance,full_187,Area_Method_of_Moments_Overall_Average_6,audio:Area_MoM
04_feature_importance,full_187,Area_Method_of_Moments_Overall_Average_7,audio:Area_MoM
04_feature_importance,full_187,Area_Method_of_Moments_Overall_Average_8,audio:Area_MoM
04_feature_importance,full_187,Area_Method_of_Moments_Overall_Average_9,audio:Area_MoM
04_feature_importance,full_187,Area_Method_of_Moments_Overall_Average_10,audio:Area_MoM
04_feature_importance,full_187,LPC_Overall_Standard_Deviation_1,audio:LPC
04_feature_importance,full_187,LPC_Overall_Standard_Deviation_2,audio:LPC
04_feature_importance,full_187,LPC_Overall_Standard_Deviation_3,audio:LPC
04_feature_importance,full_187,LPC_Overall_Standard_Deviation_4,audio:LPC
04_feature_importance,full_187,LPC_Overall_Standard_Deviation_5,audio:LPC
04_feature_importance,full_187,LPC_Overall_Standard_Deviation_6,audio:LPC
04_feature_importance,full_187,LPC_Overall_Standard_Deviation_7,audio:LPC
04_feature_importance,full_187,LPC_Overall_Standard_Deviation_8,audio:LPC
04_feature_importance,full_187,LPC_Overall_Standard_Deviation_9,audio:LPC
04_feature_importance,full_187,LPC_Overall_Average_1,audio:LPC
04_feature_importance,full_187,LPC_Overall_Average_2,audio:LPC
04_feature_importance,full_187,LPC_Overall_Average_3,audio:LPC
04_feature_importance,full_187,LPC_Overall_Average_4,audio:LPC
04_feature_importance,full_187,LPC_Overall_Average_5,audio:LPC
04_feature_importance,full_187,LPC_Overall_Average_6,audio:LPC
04_feature_importance,full_187,LPC_Overall_Average_7,audio:LPC
04_feature_importance,full_187,LPC_Overall_Average_8,audio:LPC
04_feature_importance,full_187,LPC_Overall_Average_9,audio:LPC
04_feature_importance,full_187,Spectral_Centroid_Overall_Standard_Deviation_1,audio:lowlevel
04_feature_importance,full_187,Spectral_Rolloff_Point_Overall_Standard_Deviation_1,audio:lowlevel
04_feature_importance,full_187,Spectral_Flux_Overall_Standard_Deviation_1,audio:lowlevel
04_feature_importance,full_187,Compactness_Overall_Standard_Deviation_1,audio:lowlevel
04_feature_importance,full_187,Spectral_Variability_Overall_Standard_Deviation_1,audio:lowlevel
04_feature_importance,full_187,Root_Mean_Square_Overall_Standard_Deviation_1,audio:lowlevel
04_feature_importance,full_187,Fraction_Of_Low_Energy_Windows_Overall_Standard_Deviation_1,audio:lowlevel
04_feature_importance,full_187,Zero_Crossings_Overall_Standard_Deviation_1,audio:lowlevel
04_feature_importance,full_187,Spectral_Centroid_Overall_Average_1,audio:lowlevel
04_feature_importance,full_187,Spectral_Rolloff_Point_Overall_Average_1,audio:lowlevel
04_feature_importance,full_187,Spectral_Flux_Overall_Average_1,audio:lowlevel
04_feature_importance,full_187,Compactness_Overall_Average_1,audio:lowlevel
04_feature_importance,full_187,Spectral_Variability_Overall_Average_1,audio:lowlevel
04_feature_importance,full_187,Root_Mean_Square_Overall_Average_1,audio:lowlevel
04_feature_importance,full_187,Fraction_Of_Low_Energy_Windows_Overall_Average_1,audio:lowlevel
04_feature_importance,full_187,Zero_Crossings_Overall_Average_1,audio:lowlevel
04_feature_importance,full_187,Mean_Acc5_Mean_Mem20_ZeroCrossings_HopSize512_WinSize512_Sum_AudioCh0,audio:marsyas
04_feature_importance,full_187,Mean_Acc5_Mean_Mem20_Centroid_Power_powerFFT_WinHamming_HopSize512_WinSize512_Sum_AudioCh0,audio:marsyas
04_feature_importance,full_187,Mean_Acc5_Mean_Mem20_Rolloff_Power_powerFFT_WinHamming_HopSize512_WinSize512_Sum_AudioCh0,audio:marsyas
04_feature_importance,full_187,Mean_Acc5_Mean_Mem20_Flux_Power_powerFFT_WinHamming_HopSize512_WinSize512_Sum_AudioCh0,audio:marsyas
04_feature_importance,full_187,Mean_Acc5_Mean_Mem20_PeakRatio_Chroma_A_Power_powerFFT_WinHamming_HopSize512_WinSize512_Sum_AudioCh0,audio:marsyas
04_feature_importance,full_187,Mean_Acc5_Mean_Mem20_PeakRatio_Chroma_A#_Power_powerFFT_WinHamming_HopSize512_WinSize512_Sum_AudioCh0,audio:marsyas
04_feature_importance,full_187,Mean_Acc5_Mean_Mem20_PeakRatio_Chroma_B_Power_powerFFT_WinHamming_HopSize512_WinSize512_Sum_AudioCh0,audio:marsyas
04_feature_importance,full_187,Mean_Acc5_Mean_Mem20_PeakRatio_Chroma_C_Power_powerFFT_WinHamming_HopSize512_WinSize512_Sum_AudioCh0,audio:marsyas
04_feature_importance,full_187,Mean_Acc5_Mean_Mem20_PeakRatio_Chroma_C#_Power_powerFFT_WinHamming_HopSize512_WinSize512_Sum_AudioCh0,audio:marsyas
04_feature_importance,full_187,Mean_Acc5_Mean_Mem20_PeakRatio_Chroma_D_Power_powerFFT_WinHamming_HopSize512_WinSize512_Sum_AudioCh0,audio:marsyas
04_feature_importance,full_187,Mean_Acc5_Mean_Mem20_PeakRatio_Chroma_D#_Power_powerFFT_WinHamming_HopSize512_WinSize512_Sum_AudioCh0,audio:marsyas
04_feature_importance,full_187,Mean_Acc5_Mean_Mem20_PeakRatio_Chroma_E_Power_powerFFT_WinHamming_HopSize512_WinSize512_Sum_AudioCh0,audio:marsyas
04_feature_importance,full_187,Mean_Acc5_Mean_Mem20_PeakRatio_Chroma_F_Power_powerFFT_WinHamming_HopSize512_WinSize512_Sum_AudioCh0,audio:marsyas
04_feature_importance,full_187,Mean_Acc5_Mean_Mem20_PeakRatio_Chroma_F#_Power_powerFFT_WinHamming_HopSize512_WinSize512_Sum_AudioCh0,audio:marsyas
04_feature_importance,full_187,Mean_Acc5_Mean_Mem20_PeakRatio_Chroma_G_Power_powerFFT_WinHamming_HopSize512_WinSize512_Sum_AudioCh0,audio:marsyas
04_feature_importance,full_187,Mean_Acc5_Mean_Mem20_PeakRatio_Chroma_G#_Power_powerFFT_WinHamming_HopSize512_WinSize512_Sum_AudioCh0,audio:marsyas
04_feature_importance,full_187,Mean_Acc5_Mean_Mem20_PeakRatio_Average_Chroma_A_Power_powerFFT_WinHamming_HopSize512_WinSize512_Sum_AudioCh0,audio:marsyas
04_feature_importance,full_187,Mean_Acc5_Mean_Mem20_PeakRatio_Minimum_Chroma_A_Power_powerFFT_WinHamming_HopSize512_WinSize512_Sum_AudioCh0,audio:marsyas
04_feature_importance,full_187,Mean_Acc5_Std_Mem20_ZeroCrossings_HopSize512_WinSize512_Sum_AudioCh0,audio:marsyas
04_feature_importance,full_187,Mean_Acc5_Std_Mem20_Centroid_Power_powerFFT_WinHamming_HopSize512_WinSize512_Sum_AudioCh0,audio:marsyas
04_feature_importance,full_187,Mean_Acc5_Std_Mem20_Rolloff_Power_powerFFT_WinHamming_HopSize512_WinSize512_Sum_AudioCh0,audio:marsyas
04_feature_importance,full_187,Mean_Acc5_Std_Mem20_Flux_Power_powerFFT_WinHamming_HopSize512_WinSize512_Sum_AudioCh0,audio:marsyas
04_feature_importance,full_187,Mean_Acc5_Std_Mem20_PeakRatio_Chroma_A_Power_powerFFT_WinHamming_HopSize512_WinSize512_Sum_AudioCh0,audio:marsyas
04_feature_importance,full_187,Mean_Acc5_Std_Mem20_PeakRatio_Chroma_A#_Power_powerFFT_WinHamming_HopSize512_WinSize512_Sum_AudioCh0,audio:marsyas
04_feature_importance,full_187,Mean_Acc5_Std_Mem20_PeakRatio_Chroma_B_Power_powerFFT_WinHamming_HopSize512_WinSize512_Sum_AudioCh0,audio:marsyas
04_feature_importance,full_187,Mean_Acc5_Std_Mem20_PeakRatio_Chroma_C_Power_powerFFT_WinHamming_HopSize512_WinSize512_Sum_AudioCh0,audio:marsyas
04_feature_importance,full_187,Mean_Acc5_Std_Mem20_PeakRatio_Chroma_C#_Power_powerFFT_WinHamming_HopSize512_WinSize512_Sum_AudioCh0,audio:marsyas
04_feature_importance,full_187,Mean_Acc5_Std_Mem20_PeakRatio_Chroma_D_Power_powerFFT_WinHamming_HopSize512_WinSize512_Sum_AudioCh0,audio:marsyas
04_feature_importance,full_187,Mean_Acc5_Std_Mem20_PeakRatio_Chroma_D#_Power_powerFFT_WinHamming_HopSize512_WinSize512_Sum_AudioCh0,audio:marsyas
04_feature_importance,full_187,Mean_Acc5_Std_Mem20_PeakRatio_Chroma_E_Power_powerFFT_WinHamming_HopSize512_WinSize512_Sum_AudioCh0,audio:marsyas
04_feature_importance,full_187,Mean_Acc5_Std_Mem20_PeakRatio_Chroma_F_Power_powerFFT_WinHamming_HopSize512_WinSize512_Sum_AudioCh0,audio:marsyas
04_feature_importance,full_187,Mean_Acc5_Std_Mem20_PeakRatio_Chroma_F#_Power_powerFFT_WinHamming_HopSize512_WinSize512_Sum_AudioCh0,audio:marsyas
04_feature_importance,full_187,Mean_Acc5_Std_Mem20_PeakRatio_Chroma_G_Power_powerFFT_WinHamming_HopSize512_WinSize512_Sum_AudioCh0,audio:marsyas
04_feature_importance,full_187,Mean_Acc5_Std_Mem20_PeakRatio_Chroma_G#_Power_powerFFT_WinHamming_HopSize512_WinSize512_Sum_AudioCh0,audio:marsyas
04_feature_importance,full_187,Mean_Acc5_Std_Mem20_PeakRatio_Average_Chroma_A_Power_powerFFT_WinHamming_HopSize512_WinSize512_Sum_AudioCh0,audio:marsyas
04_feature_importance,full_187,Mean_Acc5_Std_Mem20_PeakRatio_Minimum_Chroma_A_Power_powerFFT_WinHamming_HopSize512_WinSize512_Sum_AudioCh0,audio:marsyas
04_feature_importance,full_187,Std_Acc5_Mean_Mem20_ZeroCrossings_HopSize512_WinSize512_Sum_AudioCh0,audio:marsyas
04_feature_importance,full_187,Std_Acc5_Mean_Mem20_Centroid_Power_powerFFT_WinHamming_HopSize512_WinSize512_Sum_AudioCh0,audio:marsyas
04_feature_importance,full_187,Std_Acc5_Mean_Mem20_Rolloff_Power_powerFFT_WinHamming_HopSize512_WinSize512_Sum_AudioCh0,audio:marsyas
04_feature_importance,full_187,Std_Acc5_Mean_Mem20_Flux_Power_powerFFT_WinHamming_HopSize512_WinSize512_Sum_AudioCh0,audio:marsyas
04_feature_importance,full_187,Std_Acc5_Mean_Mem20_PeakRatio_Chroma_A_Power_powerFFT_WinHamming_HopSize512_WinSize512_Sum_AudioCh0,audio:marsyas
04_feature_importance,full_187,Std_Acc5_Mean_Mem20_PeakRatio_Chroma_A#_Power_powerFFT_WinHamming_HopSize512_WinSize512_Sum_AudioCh0,audio:marsyas
04_feature_importance,full_187,Std_Acc5_Mean_Mem20_PeakRatio_Chroma_B_Power_powerFFT_WinHamming_HopSize512_WinSize512_Sum_AudioCh0,audio:marsyas
04_feature_importance,full_187,Std_Acc5_Mean_Mem20_PeakRatio_Chroma_C_Power_powerFFT_WinHamming_HopSize512_WinSize512_Sum_AudioCh0,audio:marsyas
04_feature_importance,full_187,Std_Acc5_Mean_Mem20_PeakRatio_Chroma_C#_Power_powerFFT_WinHamming_HopSize512_WinSize512_Sum_AudioCh0,audio:marsyas
04_feature_importance,full_187,Std_Acc5_Mean_Mem20_PeakRatio_Chroma_D_Power_powerFFT_WinHamming_HopSize512_WinSize512_Sum_AudioCh0,audio:marsyas
04_feature_importance,full_187,Std_Acc5_Mean_Mem20_PeakRatio_Chroma_D#_Power_powerFFT_WinHamming_HopSize512_WinSize512_Sum_AudioCh0,audio:marsyas
04_feature_importance,full_187,Std_Acc5_Mean_Mem20_PeakRatio_Chroma_E_Power_powerFFT_WinHamming_HopSize512_WinSize512_Sum_AudioCh0,audio:marsyas
04_feature_importance,full_187,Std_Acc5_Mean_Mem20_PeakRatio_Chroma_F_Power_powerFFT_WinHamming_HopSize512_WinSize512_Sum_AudioCh0,audio:marsyas
04_feature_importance,full_187,Std_Acc5_Mean_Mem20_PeakRatio_Chroma_F#_Power_powerFFT_WinHamming_HopSize512_WinSize512_Sum_AudioCh0,audio:marsyas
04_feature_importance,full_187,Std_Acc5_Mean_Mem20_PeakRatio_Chroma_G_Power_powerFFT_WinHamming_HopSize512_WinSize512_Sum_AudioCh0,audio:marsyas
04_feature_importance,full_187,Std_Acc5_Mean_Mem20_PeakRatio_Chroma_G#_Power_powerFFT_WinHamming_HopSize512_WinSize512_Sum_AudioCh0,audio:marsyas
04_feature_importance,full_187,Std_Acc5_Mean_Mem20_PeakRatio_Average_Chroma_A_Power_powerFFT_WinHamming_HopSize512_WinSize512_Sum_AudioCh0,audio:marsyas
04_feature_importance,full_187,Std_Acc5_Mean_Mem20_PeakRatio_Minimum_Chroma_A_Power_powerFFT_WinHamming_HopSize512_WinSize512_Sum_AudioCh0,audio:marsyas
04_feature_importance,full_187,Std_Acc5_Std_Mem20_ZeroCrossings_HopSize512_WinSize512_Sum_AudioCh0,audio:marsyas
04_feature_importance,full_187,Std_Acc5_Std_Mem20_Centroid_Power_powerFFT_WinHamming_HopSize512_WinSize512_Sum_AudioCh0,audio:marsyas
04_feature_importance,full_187,Std_Acc5_Std_Mem20_Rolloff_Power_powerFFT_WinHamming_HopSize512_WinSize512_Sum_AudioCh0,audio:marsyas
04_feature_importance,full_187,Std_Acc5_Std_Mem20_Flux_Power_powerFFT_WinHamming_HopSize512_WinSize512_Sum_AudioCh0,audio:marsyas
04_feature_importance,full_187,Std_Acc5_Std_Mem20_PeakRatio_Chroma_A_Power_powerFFT_WinHamming_HopSize512_WinSize512_Sum_AudioCh0,audio:marsyas
04_feature_importance,full_187,Std_Acc5_Std_Mem20_PeakRatio_Chroma_A#_Power_powerFFT_WinHamming_HopSize512_WinSize512_Sum_AudioCh0,audio:marsyas
04_feature_importance,full_187,Std_Acc5_Std_Mem20_PeakRatio_Chroma_B_Power_powerFFT_WinHamming_HopSize512_WinSize512_Sum_AudioCh0,audio:marsyas
04_feature_importance,full_187,Std_Acc5_Std_Mem20_PeakRatio_Chroma_C_Power_powerFFT_WinHamming_HopSize512_WinSize512_Sum_AudioCh0,audio:marsyas
04_feature_importance,full_187,Std_Acc5_Std_Mem20_PeakRatio_Chroma_C#_Power_powerFFT_WinHamming_HopSize512_WinSize512_Sum_AudioCh0,audio:marsyas
04_feature_importance,full_187,Std_Acc5_Std_Mem20_PeakRatio_Chroma_D_Power_powerFFT_WinHamming_HopSize512_WinSize512_Sum_AudioCh0,audio:marsyas
04_feature_importance,full_187,Std_Acc5_Std_Mem20_PeakRatio_Chroma_D#_Power_powerFFT_WinHamming_HopSize512_WinSize512_Sum_AudioCh0,audio:marsyas
04_feature_importance,full_187,Std_Acc5_Std_Mem20_PeakRatio_Chroma_E_Power_powerFFT_WinHamming_HopSize512_WinSize512_Sum_AudioCh0,audio:marsyas
04_feature_importance,full_187,Std_Acc5_Std_Mem20_PeakRatio_Chroma_F_Power_powerFFT_WinHamming_HopSize512_WinSize512_Sum_AudioCh0,audio:marsyas
04_feature_importance,full_187,Std_Acc5_Std_Mem20_PeakRatio_Chroma_F#_Power_powerFFT_WinHamming_HopSize512_WinSize512_Sum_AudioCh0,audio:marsyas
04_feature_importance,full_187,Std_Acc5_Std_Mem20_PeakRatio_Chroma_G_Power_powerFFT_WinHamming_HopSize512_WinSize512_Sum_AudioCh0,audio:marsyas
04_feature_importance,full_187,Std_Acc5_Std_Mem20_PeakRatio_Chroma_G#_Power_powerFFT_WinHamming_HopSize512_WinSize512_Sum_AudioCh0,audio:marsyas
04_feature_importance,full_187,Std_Acc5_Std_Mem20_PeakRatio_Average_Chroma_A_Power_powerFFT_WinHamming_HopSize512_WinSize512_Sum_AudioCh0,audio:marsyas
04_feature_importance,full_187,Std_Acc5_Std_Mem20_PeakRatio_Minimum_Chroma_A_Power_powerFFT_WinHamming_HopSize512_WinSize512_Sum_AudioCh0,audio:marsyas
04_feature_importance,full_187,MFCC_Overall_Standard_Deviation_1,audio:MFCC_simple
04_feature_importance,full_187,MFCC_Overall_Standard_Deviation_2,audio:MFCC_simple
04_feature_importance,full_187,MFCC_Overall_Standard_Deviation_3,audio:MFCC_simple
04_feature_importance,full_187,MFCC_Overall_Standard_Deviation_4,audio:MFCC_simple
04_feature_importance,full_187,MFCC_Overall_Standard_Deviation_5,audio:MFCC_simple
04_feature_importance,full_187,MFCC_Overall_Standard_Deviation_6,audio:MFCC_simple
04_feature_importance,full_187,MFCC_Overall_Standard_Deviation_7,audio:MFCC_simple
04_feature_importance,full_187,MFCC_Overall_Standard_Deviation_8,audio:MFCC_simple
04_feature_importance,full_187,MFCC_Overall_Standard_Deviation_9,audio:MFCC_simple
04_feature_importance,full_187,MFCC_Overall_Standard_Deviation_10,audio:MFCC_simple
04_feature_importance,full_187,MFCC_Overall_Standard_Deviation_11,audio:MFCC_simple
04_feature_importance,full_187,MFCC_Overall_Standard_Deviation_12,audio:MFCC_simple
04_feature_importance,full_187,MFCC_Overall_Standard_Deviation_13,audio:MFCC_simple
04_feature_importance,full_187,MFCC_Overall_Average_1,audio:MFCC_simple
04_feature_importance,full_187,MFCC_Overall_Average_2,audio:MFCC_simple
04_feature_importance,full_187,MFCC_Overall_Average_3,audio:MFCC_simple
04_feature_importance,full_187,MFCC_Overall_Average_4,audio:MFCC_simple
04_feature_importance,full_187,MFCC_Overall_Average_5,audio:MFCC_simple
04_feature_importance,full_187,MFCC_Overall_Average_6,audio:MFCC_simple
04_feature_importance,full_187,MFCC_Overall_Average_7,audio:MFCC_simple
04_feature_importance,full_187,MFCC_Overall_Average_8,audio:MFCC_simple
04_feature_importance,full_187,MFCC_Overall_Average_9,audio:MFCC_simple
04_feature_importance,full_187,MFCC_Overall_Average_10,audio:MFCC_simple
04_feature_importance,full_187,MFCC_Overall_Average_11,audio:MFCC_simple
04_feature_importance,full_187,MFCC_Overall_Average_12,audio:MFCC_simple
04_feature_importance,full_187,MFCC_Overall_Average_13,audio:MFCC_simple
04_feature_importance,full_187,year_mean,numeric
04_feature_importance,full_187,duration_mean,numeric
04_feature_importance,full_187,year_known_ratio,numeric
04_feature_importance,full_187,n_tracks,numeric
04_feature_importance,full_187,n_genres,numeric
04_feature_importance,full_187,genre_rock,genre
04_feature_importance,full_187,genre_electronic,genre
04_feature_importance,full_187,genre_pop,genre
04_feature_importance,full_187,genre_alternative rock,genre
04_feature_importance,full_187,genre_hip hop,genre
04_feature_importance,full_187,genre_united states,genre
04_feature_importance,full_187,genre_house,genre
04_feature_importance,full_187,genre_jazz,genre
04_feature_importance,full_187,genre_alternative,genre
04_feature_importance,full_187,genre_indie,genre
04_feature_importance,full_187,genre_electro,genre
04_feature_importance,full_187,genre_indie rock,genre
04_feature_importance,full_187,genre_experimental,genre
04_feature_importance,full_187,genre_pop rock,genre
04_feature_importance,full_187,genre_punk,genre
04_feature_importance,full_187,genre_techno,genre
04_feature_importance,full_187,genre_folk,genre
04_feature_importance,full_187,genre_downtempo,genre
04_feature_importance,full_187,genre_ambient,genre
04_feature_importance,full_187,genre_soul,genre
04_feature_importance,full_187,genre_germany,genre
04_feature_importance,full_187,genre_electronica,genre
04_feature_importance,full_187,genre_disco,genre
04_feature_importance,full_187,genre_american,genre
04_feature_importance,full_187,genre_trance,genre
04_feature_importance,full_187,genre_synthpop,genre
04_feature_importance,full_187,genre_funk,genre
04_feature_importance,full_187,genre_world,genre
04_feature_importance,full_187,genre_blues,genre
04_feature_importance,full_187,genre_hardcore,genre
05_leakage_check,full,Area_Method_of_Moments_Overall_Standard_Deviation_1,audio:Area_MoM
05_leakage_check,full,Area_Method_of_Moments_Overall_Standard_Deviation_2,audio:Area_MoM
05_leakage_check,full,Area_Method_of_Moments_Overall_Standard_Deviation_3,audio:Area_MoM
05_leakage_check,full,Area_Method_of_Moments_Overall_Standard_Deviation_4,audio:Area_MoM
05_leakage_check,full,Area_Method_of_Moments_Overall_Standard_Deviation_5,audio:Area_MoM
05_leakage_check,full,Area_Method_of_Moments_Overall_Standard_Deviation_6,audio:Area_MoM
05_leakage_check,full,Area_Method_of_Moments_Overall_Standard_Deviation_7,audio:Area_MoM
05_leakage_check,full,Area_Method_of_Moments_Overall_Standard_Deviation_8,audio:Area_MoM
05_leakage_check,full,Area_Method_of_Moments_Overall_Standard_Deviation_9,audio:Area_MoM
05_leakage_check,full,Area_Method_of_Moments_Overall_Standard_Deviation_10,audio:Area_MoM
05_leakage_check,full,Area_Method_of_Moments_Overall_Average_1,audio:Area_MoM
05_leakage_check,full,Area_Method_of_Moments_Overall_Average_2,audio:Area_MoM
05_leakage_check,full,Area_Method_of_Moments_Overall_Average_3,audio:Area_MoM
05_leakage_check,full,Area_Method_of_Moments_Overall_Average_4,audio:Area_MoM
05_leakage_check,full,Area_Method_of_Moments_Overall_Average_5,audio:Area_MoM
05_leakage_check,full,Area_Method_of_Moments_Overall_Average_6,audio:Area_MoM
05_leakage_check,full,Area_Method_of_Moments_Overall_Average_7,audio:Area_MoM
05_leakage_check,full,Area_Method_of_Moments_Overall_Average_8,audio:Area_MoM
05_leakage_check,full,Area_Method_of_Moments_Overall_Average_9,audio:Area_MoM
05_leakage_check,full,Area_Method_of_Moments_Overall_Average_10,audio:Area_MoM
05_leakage_check,full,LPC_Overall_Standard_Deviation_1,audio:LPC
05_leakage_check,full,LPC_Overall_Standard_Deviation_2,audio:LPC
05_leakage_check,full,LPC_Overall_Standard_Deviation_3,audio:LPC
05_leakage_check,full,LPC_Overall_Standard_Deviation_4,audio:LPC
05_leakage_check,full,LPC_Overall_Standard_Deviation_5,audio:LPC
05_leakage_check,full,LPC_Overall_Standard_Deviation_6,audio:LPC
05_leakage_check,full,LPC_Overall_Standard_Deviation_7,audio:LPC
05_leakage_check,full,LPC_Overall_Standard_Deviation_8,audio:LPC
05_leakage_check,full,LPC_Overall_Standard_Deviation_9,audio:LPC
05_leakage_check,full,LPC_Overall_Average_1,audio:LPC
05_leakage_check,full,LPC_Overall_Average_2,audio:LPC
05_leakage_check,full,LPC_Overall_Average_3,audio:LPC
05_leakage_check,full,LPC_Overall_Average_4,audio:LPC
05_leakage_check,full,LPC_Overall_Average_5,audio:LPC
05_leakage_check,full,LPC_Overall_Average_6,audio:LPC
05_leakage_check,full,LPC_Overall_Average_7,audio:LPC
05_leakage_check,full,LPC_Overall_Average_8,audio:LPC
05_leakage_check,full,LPC_Overall_Average_9,audio:LPC
05_leakage_check,full,Spectral_Centroid_Overall_Standard_Deviation_1,audio:lowlevel
05_leakage_check,full,Spectral_Rolloff_Point_Overall_Standard_Deviation_1,audio:lowlevel
05_leakage_check,full,Spectral_Flux_Overall_Standard_Deviation_1,audio:lowlevel
05_leakage_check,full,Compactness_Overall_Standard_Deviation_1,audio:lowlevel
05_leakage_check,full,Spectral_Variability_Overall_Standard_Deviation_1,audio:lowlevel
05_leakage_check,full,Root_Mean_Square_Overall_Standard_Deviation_1,audio:lowlevel
05_leakage_check,full,Fraction_Of_Low_Energy_Windows_Overall_Standard_Deviation_1,audio:lowlevel
05_leakage_check,full,Zero_Crossings_Overall_Standard_Deviation_1,audio:lowlevel
05_leakage_check,full,Spectral_Centroid_Overall_Average_1,audio:lowlevel
05_leakage_check,full,Spectral_Rolloff_Point_Overall_Average_1,audio:lowlevel
05_leakage_check,full,Spectral_Flux_Overall_Average_1,audio:lowlevel
05_leakage_check,full,Compactness_Overall_Average_1,audio:lowlevel
05_leakage_check,full,Spectral_Variability_Overall_Average_1,audio:lowlevel
05_leakage_check,full,Root_Mean_Square_Overall_Average_1,audio:lowlevel
05_leakage_check,full,Fraction_Of_Low_Energy_Windows_Overall_Average_1,audio:lowlevel
05_leakage_check,full,Zero_Crossings_Overall_Average_1,audio:lowlevel
05_leakage_check,full,Mean_Acc5_Mean_Mem20_ZeroCrossings_HopSize512_WinSize512_Sum_AudioCh0,audio:marsyas
05_leakage_check,full,Mean_Acc5_Mean_Mem20_Centroid_Power_powerFFT_WinHamming_HopSize512_WinSize512_Sum_AudioCh0,audio:marsyas
05_leakage_check,full,Mean_Acc5_Mean_Mem20_Rolloff_Power_powerFFT_WinHamming_HopSize512_WinSize512_Sum_AudioCh0,audio:marsyas
05_leakage_check,full,Mean_Acc5_Mean_Mem20_Flux_Power_powerFFT_WinHamming_HopSize512_WinSize512_Sum_AudioCh0,audio:marsyas
05_leakage_check,full,Mean_Acc5_Mean_Mem20_PeakRatio_Chroma_A_Power_powerFFT_WinHamming_HopSize512_WinSize512_Sum_AudioCh0,audio:marsyas
05_leakage_check,full,Mean_Acc5_Mean_Mem20_PeakRatio_Chroma_A#_Power_powerFFT_WinHamming_HopSize512_WinSize512_Sum_AudioCh0,audio:marsyas
05_leakage_check,full,Mean_Acc5_Mean_Mem20_PeakRatio_Chroma_B_Power_powerFFT_WinHamming_HopSize512_WinSize512_Sum_AudioCh0,audio:marsyas
05_leakage_check,full,Mean_Acc5_Mean_Mem20_PeakRatio_Chroma_C_Power_powerFFT_WinHamming_HopSize512_WinSize512_Sum_AudioCh0,audio:marsyas
05_leakage_check,full,Mean_Acc5_Mean_Mem20_PeakRatio_Chroma_C#_Power_powerFFT_WinHamming_HopSize512_WinSize512_Sum_AudioCh0,audio:marsyas
05_leakage_check,full,Mean_Acc5_Mean_Mem20_PeakRatio_Chroma_D_Power_powerFFT_WinHamming_HopSize512_WinSize512_Sum_AudioCh0,audio:marsyas
05_leakage_check,full,Mean_Acc5_Mean_Mem20_PeakRatio_Chroma_D#_Power_powerFFT_WinHamming_HopSize512_WinSize512_Sum_AudioCh0,audio:marsyas
05_leakage_check,full,Mean_Acc5_Mean_Mem20_PeakRatio_Chroma_E_Power_powerFFT_WinHamming_HopSize512_WinSize512_Sum_AudioCh0,audio:marsyas
05_leakage_check,full,Mean_Acc5_Mean_Mem20_PeakRatio_Chroma_F_Power_powerFFT_WinHamming_HopSize512_WinSize512_Sum_AudioCh0,audio:marsyas
05_leakage_check,full,Mean_Acc5_Mean_Mem20_PeakRatio_Chroma_F#_Power_powerFFT_WinHamming_HopSize512_WinSize512_Sum_AudioCh0,audio:marsyas
05_leakage_check,full,Mean_Acc5_Mean_Mem20_PeakRatio_Chroma_G_Power_powerFFT_WinHamming_HopSize512_WinSize512_Sum_AudioCh0,audio:marsyas
05_leakage_check,full,Mean_Acc5_Mean_Mem20_PeakRatio_Chroma_G#_Power_powerFFT_WinHamming_HopSize512_WinSize512_Sum_AudioCh0,audio:marsyas
05_leakage_check,full,Mean_Acc5_Mean_Mem20_PeakRatio_Average_Chroma_A_Power_powerFFT_WinHamming_HopSize512_WinSize512_Sum_AudioCh0,audio:marsyas
05_leakage_check,full,Mean_Acc5_Mean_Mem20_PeakRatio_Minimum_Chroma_A_Power_powerFFT_WinHamming_HopSize512_WinSize512_Sum_AudioCh0,audio:marsyas
05_leakage_check,full,Mean_Acc5_Std_Mem20_ZeroCrossings_HopSize512_WinSize512_Sum_AudioCh0,audio:marsyas
05_leakage_check,full,Mean_Acc5_Std_Mem20_Centroid_Power_powerFFT_WinHamming_HopSize512_WinSize512_Sum_AudioCh0,audio:marsyas
05_leakage_check,full,Mean_Acc5_Std_Mem20_Rolloff_Power_powerFFT_WinHamming_HopSize512_WinSize512_Sum_AudioCh0,audio:marsyas
05_leakage_check,full,Mean_Acc5_Std_Mem20_Flux_Power_powerFFT_WinHamming_HopSize512_WinSize512_Sum_AudioCh0,audio:marsyas
05_leakage_check,full,Mean_Acc5_Std_Mem20_PeakRatio_Chroma_A_Power_powerFFT_WinHamming_HopSize512_WinSize512_Sum_AudioCh0,audio:marsyas
05_leakage_check,full,Mean_Acc5_Std_Mem20_PeakRatio_Chroma_A#_Power_powerFFT_WinHamming_HopSize512_WinSize512_Sum_AudioCh0,audio:marsyas
05_leakage_check,full,Mean_Acc5_Std_Mem20_PeakRatio_Chroma_B_Power_powerFFT_WinHamming_HopSize512_WinSize512_Sum_AudioCh0,audio:marsyas
05_leakage_check,full,Mean_Acc5_Std_Mem20_PeakRatio_Chroma_C_Power_powerFFT_WinHamming_HopSize512_WinSize512_Sum_AudioCh0,audio:marsyas
05_leakage_check,full,Mean_Acc5_Std_Mem20_PeakRatio_Chroma_C#_Power_powerFFT_WinHamming_HopSize512_WinSize512_Sum_AudioCh0,audio:marsyas
05_leakage_check,full,Mean_Acc5_Std_Mem20_PeakRatio_Chroma_D_Power_powerFFT_WinHamming_HopSize512_WinSize512_Sum_AudioCh0,audio:marsyas
05_leakage_check,full,Mean_Acc5_Std_Mem20_PeakRatio_Chroma_D#_Power_powerFFT_WinHamming_HopSize512_WinSize512_Sum_AudioCh0,audio:marsyas
05_leakage_check,full,Mean_Acc5_Std_Mem20_PeakRatio_Chroma_E_Power_powerFFT_WinHamming_HopSize512_WinSize512_Sum_AudioCh0,audio:marsyas
05_leakage_check,full,Mean_Acc5_Std_Mem20_PeakRatio_Chroma_F_Power_powerFFT_WinHamming_HopSize512_WinSize512_Sum_AudioCh0,audio:marsyas
05_leakage_check,full,Mean_Acc5_Std_Mem20_PeakRatio_Chroma_F#_Power_powerFFT_WinHamming_HopSize512_WinSize512_Sum_AudioCh0,audio:marsyas
05_leakage_check,full,Mean_Acc5_Std_Mem20_PeakRatio_Chroma_G_Power_powerFFT_WinHamming_HopSize512_WinSize512_Sum_AudioCh0,audio:marsyas
05_leakage_check,full,Mean_Acc5_Std_Mem20_PeakRatio_Chroma_G#_Power_powerFFT_WinHamming_HopSize512_WinSize512_Sum_AudioCh0,audio:marsyas
05_leakage_check,full,Mean_Acc5_Std_Mem20_PeakRatio_Average_Chroma_A_Power_powerFFT_WinHamming_HopSize512_WinSize512_Sum_AudioCh0,audio:marsyas
05_leakage_check,full,Mean_Acc5_Std_Mem20_PeakRatio_Minimum_Chroma_A_Power_powerFFT_WinHamming_HopSize512_WinSize512_Sum_AudioCh0,audio:marsyas
05_leakage_check,full,Std_Acc5_Mean_Mem20_ZeroCrossings_HopSize512_WinSize512_Sum_AudioCh0,audio:marsyas
05_leakage_check,full,Std_Acc5_Mean_Mem20_Centroid_Power_powerFFT_WinHamming_HopSize512_WinSize512_Sum_AudioCh0,audio:marsyas
05_leakage_check,full,Std_Acc5_Mean_Mem20_Rolloff_Power_powerFFT_WinHamming_HopSize512_WinSize512_Sum_AudioCh0,audio:marsyas
05_leakage_check,full,Std_Acc5_Mean_Mem20_Flux_Power_powerFFT_WinHamming_HopSize512_WinSize512_Sum_AudioCh0,audio:marsyas
05_leakage_check,full,Std_Acc5_Mean_Mem20_PeakRatio_Chroma_A_Power_powerFFT_WinHamming_HopSize512_WinSize512_Sum_AudioCh0,audio:marsyas
05_leakage_check,full,Std_Acc5_Mean_Mem20_PeakRatio_Chroma_A#_Power_powerFFT_WinHamming_HopSize512_WinSize512_Sum_AudioCh0,audio:marsyas
05_leakage_check,full,Std_Acc5_Mean_Mem20_PeakRatio_Chroma_B_Power_powerFFT_WinHamming_HopSize512_WinSize512_Sum_AudioCh0,audio:marsyas
05_leakage_check,full,Std_Acc5_Mean_Mem20_PeakRatio_Chroma_C_Power_powerFFT_WinHamming_HopSize512_WinSize512_Sum_AudioCh0,audio:marsyas
05_leakage_check,full,Std_Acc5_Mean_Mem20_PeakRatio_Chroma_C#_Power_powerFFT_WinHamming_HopSize512_WinSize512_Sum_AudioCh0,audio:marsyas
05_leakage_check,full,Std_Acc5_Mean_Mem20_PeakRatio_Chroma_D_Power_powerFFT_WinHamming_HopSize512_WinSize512_Sum_AudioCh0,audio:marsyas
05_leakage_check,full,Std_Acc5_Mean_Mem20_PeakRatio_Chroma_D#_Power_powerFFT_WinHamming_HopSize512_WinSize512_Sum_AudioCh0,audio:marsyas
05_leakage_check,full,Std_Acc5_Mean_Mem20_PeakRatio_Chroma_E_Power_powerFFT_WinHamming_HopSize512_WinSize512_Sum_AudioCh0,audio:marsyas
05_leakage_check,full,Std_Acc5_Mean_Mem20_PeakRatio_Chroma_F_Power_powerFFT_WinHamming_HopSize512_WinSize512_Sum_AudioCh0,audio:marsyas
05_leakage_check,full,Std_Acc5_Mean_Mem20_PeakRatio_Chroma_F#_Power_powerFFT_WinHamming_HopSize512_WinSize512_Sum_AudioCh0,audio:marsyas
05_leakage_check,full,Std_Acc5_Mean_Mem20_PeakRatio_Chroma_G_Power_powerFFT_WinHamming_HopSize512_WinSize512_Sum_AudioCh0,audio:marsyas
05_leakage_check,full,Std_Acc5_Mean_Mem20_PeakRatio_Chroma_G#_Power_powerFFT_WinHamming_HopSize512_WinSize512_Sum_AudioCh0,audio:marsyas
05_leakage_check,full,Std_Acc5_Mean_Mem20_PeakRatio_Average_Chroma_A_Power_powerFFT_WinHamming_HopSize512_WinSize512_Sum_AudioCh0,audio:marsyas
05_leakage_check,full,Std_Acc5_Mean_Mem20_PeakRatio_Minimum_Chroma_A_Power_powerFFT_WinHamming_HopSize512_WinSize512_Sum_AudioCh0,audio:marsyas
05_leakage_check,full,Std_Acc5_Std_Mem20_ZeroCrossings_HopSize512_WinSize512_Sum_AudioCh0,audio:marsyas
05_leakage_check,full,Std_Acc5_Std_Mem20_Centroid_Power_powerFFT_WinHamming_HopSize512_WinSize512_Sum_AudioCh0,audio:marsyas
05_leakage_check,full,Std_Acc5_Std_Mem20_Rolloff_Power_powerFFT_WinHamming_HopSize512_WinSize512_Sum_AudioCh0,audio:marsyas
05_leakage_check,full,Std_Acc5_Std_Mem20_Flux_Power_powerFFT_WinHamming_HopSize512_WinSize512_Sum_AudioCh0,audio:marsyas
05_leakage_check,full,Std_Acc5_Std_Mem20_PeakRatio_Chroma_A_Power_powerFFT_WinHamming_HopSize512_WinSize512_Sum_AudioCh0,audio:marsyas
05_leakage_check,full,Std_Acc5_Std_Mem20_PeakRatio_Chroma_A#_Power_powerFFT_WinHamming_HopSize512_WinSize512_Sum_AudioCh0,audio:marsyas
05_leakage_check,full,Std_Acc5_Std_Mem20_PeakRatio_Chroma_B_Power_powerFFT_WinHamming_HopSize512_WinSize512_Sum_AudioCh0,audio:marsyas
05_leakage_check,full,Std_Acc5_Std_Mem20_PeakRatio_Chroma_C_Power_powerFFT_WinHamming_HopSize512_WinSize512_Sum_AudioCh0,audio:marsyas
05_leakage_check,full,Std_Acc5_Std_Mem20_PeakRatio_Chroma_C#_Power_powerFFT_WinHamming_HopSize512_WinSize512_Sum_AudioCh0,audio:marsyas
05_leakage_check,full,Std_Acc5_Std_Mem20_PeakRatio_Chroma_D_Power_powerFFT_WinHamming_HopSize512_WinSize512_Sum_AudioCh0,audio:marsyas
05_leakage_check,full,Std_Acc5_Std_Mem20_PeakRatio_Chroma_D#_Power_powerFFT_WinHamming_HopSize512_WinSize512_Sum_AudioCh0,audio:marsyas
05_leakage_check,full,Std_Acc5_Std_Mem20_PeakRatio_Chroma_E_Power_powerFFT_WinHamming_HopSize512_WinSize512_Sum_AudioCh0,audio:marsyas
05_leakage_check,full,Std_Acc5_Std_Mem20_PeakRatio_Chroma_F_Power_powerFFT_WinHamming_HopSize512_WinSize512_Sum_AudioCh0,audio:marsyas
05_leakage_check,full,Std_Acc5_Std_Mem20_PeakRatio_Chroma_F#_Power_powerFFT_WinHamming_HopSize512_WinSize512_Sum_AudioCh0,audio:marsyas
05_leakage_check,full,Std_Acc5_Std_Mem20_PeakRatio_Chroma_G_Power_powerFFT_WinHamming_HopSize512_WinSize512_Sum_AudioCh0,audio:marsyas
05_leakage_check,full,Std_Acc5_Std_Mem20_PeakRatio_Chroma_G#_Power_powerFFT_WinHamming_HopSize512_WinSize512_Sum_AudioCh0,audio:marsyas
05_leakage_check,full,Std_Acc5_Std_Mem20_PeakRatio_Average_Chroma_A_Power_powerFFT_WinHamming_HopSize512_WinSize512_Sum_AudioCh0,audio:marsyas
05_leakage_check,full,Std_Acc5_Std_Mem20_PeakRatio_Minimum_Chroma_A_Power_powerFFT_WinHamming_HopSize512_WinSize512_Sum_AudioCh0,audio:marsyas
05_leakage_check,full,MFCC_Overall_Standard_Deviation_1,audio:MFCC_simple
05_leakage_check,full,MFCC_Overall_Standard_Deviation_2,audio:MFCC_simple
05_leakage_check,full,MFCC_Overall_Standard_Deviation_3,audio:MFCC_simple
05_leakage_check,full,MFCC_Overall_Standard_Deviation_4,audio:MFCC_simple
05_leakage_check,full,MFCC_Overall_Standard_Deviation_5,audio:MFCC_simple
05_leakage_check,full,MFCC_Overall_Standard_Deviation_6,audio:MFCC_simple
05_leakage_check,full,MFCC_Overall_Standard_Deviation_7,audio:MFCC_simple
05_leakage_check,full,MFCC_Overall_Standard_Deviation_8,audio:MFCC_simple
05_leakage_check,full,MFCC_Overall_Standard_Deviation_9,audio:MFCC_simple
05_leakage_check,full,MFCC_Overall_Standard_Deviation_10,audio:MFCC_simple
05_leakage_check,full,MFCC_Overall_Standard_Deviation_11,audio:MFCC_simple
05_leakage_check,full,MFCC_Overall_Standard_Deviation_12,audio:MFCC_simple
05_leakage_check,full,MFCC_Overall_Standard_Deviation_13,audio:MFCC_simple
05_leakage_check,full,MFCC_Overall_Average_1,audio:MFCC_simple
05_leakage_check,full,MFCC_Overall_Average_2,audio:MFCC_simple
05_leakage_check,full,MFCC_Overall_Average_3,audio:MFCC_simple
05_leakage_check,full,MFCC_Overall_Average_4,audio:MFCC_simple
05_leakage_check,full,MFCC_Overall_Average_5,audio:MFCC_simple
05_leakage_check,full,MFCC_Overall_Average_6,audio:MFCC_simple
05_leakage_check,full,MFCC_Overall_Average_7,audio:MFCC_simple
05_leakage_check,full,MFCC_Overall_Average_8,audio:MFCC_simple
05_leakage_check,full,MFCC_Overall_Average_9,audio:MFCC_simple
05_leakage_check,full,MFCC_Overall_Average_10,audio:MFCC_simple
05_leakage_check,full,MFCC_Overall_Average_11,audio:MFCC_simple
05_leakage_check,full,MFCC_Overall_Average_12,audio:MFCC_simple
05_leakage_check,full,MFCC_Overall_Average_13,audio:MFCC_simple
05_leakage_check,full,year_mean,numeric
05_leakage_check,full,duration_mean,numeric
05_leakage_check,full,year_known_ratio,numeric
05_leakage_check,full,n_tracks,numeric
05_leakage_check,full,n_genres,numeric
05_leakage_check,full,genre_rock,genre
05_leakage_check,full,genre_electronic,genre
05_leakage_check,full,genre_pop,genre
05_leakage_check,full,genre_alternative rock,genre
05_leakage_check,full,genre_hip hop,genre
05_leakage_check,full,genre_united states,genre
05_leakage_check,full,genre_house,genre
05_leakage_check,full,genre_jazz,genre
05_leakage_check,full,genre_alternative,genre
05_leakage_check,full,genre_indie,genre
05_leakage_check,full,genre_electro,genre
05_leakage_check,full,genre_indie rock,genre
05_leakage_check,full,genre_experimental,genre
05_leakage_check,full,genre_pop rock,genre
05_leakage_check,full,genre_punk,genre
05_leakage_check,full,genre_techno,genre
05_leakage_check,full,genre_folk,genre
05_leakage_check,full,genre_downtempo,genre
05_leakage_check,full,genre_ambient,genre
05_leakage_check,full,genre_soul,genre
05_leakage_check,full,genre_germany,genre
05_leakage_check,full,genre_electronica,genre
05_leakage_check,full,genre_disco,genre
05_leakage_check,full,genre_american,genre
05_leakage_check,full,genre_trance,genre
05_leakage_check,full,genre_synthpop,genre
05_leakage_check,full,genre_funk,genre
05_leakage_check,full,genre_world,genre
05_leakage_check,full,genre_blues,genre
05_leakage_check,full,genre_hardcore,genre
05_leakage_check,drop_n_tracks,Area_Method_of_Moments_Overall_Standard_Deviation_1,audio:Area_MoM
05_leakage_check,drop_n_tracks,Area_Method_of_Moments_Overall_Standard_Deviation_2,audio:Area_MoM
05_leakage_check,drop_n_tracks,Area_Method_of_Moments_Overall_Standard_Deviation_3,audio:Area_MoM
05_leakage_check,drop_n_tracks,Area_Method_of_Moments_Overall_Standard_Deviation_4,audio:Area_MoM
05_leakage_check,drop_n_tracks,Area_Method_of_Moments_Overall_Standard_Deviation_5,audio:Area_MoM
05_leakage_check,drop_n_tracks,Area_Method_of_Moments_Overall_Standard_Deviation_6,audio:Area_MoM
05_leakage_check,drop_n_tracks,Area_Method_of_Moments_Overall_Standard_Deviation_7,audio:Area_MoM
05_leakage_check,drop_n_tracks,Area_Method_of_Moments_Overall_Standard_Deviation_8,audio:Area_MoM
05_leakage_check,drop_n_tracks,Area_Method_of_Moments_Overall_Standard_Deviation_9,audio:Area_MoM
05_leakage_check,drop_n_tracks,Area_Method_of_Moments_Overall_Standard_Deviation_10,audio:Area_MoM
05_leakage_check,drop_n_tracks,Area_Method_of_Moments_Overall_Average_1,audio:Area_MoM
05_leakage_check,drop_n_tracks,Area_Method_of_Moments_Overall_Average_2,audio:Area_MoM
05_leakage_check,drop_n_tracks,Area_Method_of_Moments_Overall_Average_3,audio:Area_MoM
05_leakage_check,drop_n_tracks,Area_Method_of_Moments_Overall_Average_4,audio:Area_MoM
05_leakage_check,drop_n_tracks,Area_Method_of_Moments_Overall_Average_5,audio:Area_MoM
05_leakage_check,drop_n_tracks,Area_Method_of_Moments_Overall_Average_6,audio:Area_MoM
05_leakage_check,drop_n_tracks,Area_Method_of_Moments_Overall_Average_7,audio:Area_MoM
05_leakage_check,drop_n_tracks,Area_Method_of_Moments_Overall_Average_8,audio:Area_MoM
05_leakage_check,drop_n_tracks,Area_Method_of_Moments_Overall_Average_9,audio:Area_MoM
05_leakage_check,drop_n_tracks,Area_Method_of_Moments_Overall_Average_10,audio:Area_MoM
05_leakage_check,drop_n_tracks,LPC_Overall_Standard_Deviation_1,audio:LPC
05_leakage_check,drop_n_tracks,LPC_Overall_Standard_Deviation_2,audio:LPC
05_leakage_check,drop_n_tracks,LPC_Overall_Standard_Deviation_3,audio:LPC
05_leakage_check,drop_n_tracks,LPC_Overall_Standard_Deviation_4,audio:LPC
05_leakage_check,drop_n_tracks,LPC_Overall_Standard_Deviation_5,audio:LPC
05_leakage_check,drop_n_tracks,LPC_Overall_Standard_Deviation_6,audio:LPC
05_leakage_check,drop_n_tracks,LPC_Overall_Standard_Deviation_7,audio:LPC
05_leakage_check,drop_n_tracks,LPC_Overall_Standard_Deviation_8,audio:LPC
05_leakage_check,drop_n_tracks,LPC_Overall_Standard_Deviation_9,audio:LPC
05_leakage_check,drop_n_tracks,LPC_Overall_Average_1,audio:LPC
05_leakage_check,drop_n_tracks,LPC_Overall_Average_2,audio:LPC
05_leakage_check,drop_n_tracks,LPC_Overall_Average_3,audio:LPC
05_leakage_check,drop_n_tracks,LPC_Overall_Average_4,audio:LPC
05_leakage_check,drop_n_tracks,LPC_Overall_Average_5,audio:LPC
05_leakage_check,drop_n_tracks,LPC_Overall_Average_6,audio:LPC
05_leakage_check,drop_n_tracks,LPC_Overall_Average_7,audio:LPC
05_leakage_check,drop_n_tracks,LPC_Overall_Average_8,audio:LPC
05_leakage_check,drop_n_tracks,LPC_Overall_Average_9,audio:LPC
05_leakage_check,drop_n_tracks,Spectral_Centroid_Overall_Standard_Deviation_1,audio:lowlevel
05_leakage_check,drop_n_tracks,Spectral_Rolloff_Point_Overall_Standard_Deviation_1,audio:lowlevel
05_leakage_check,drop_n_tracks,Spectral_Flux_Overall_Standard_Deviation_1,audio:lowlevel
05_leakage_check,drop_n_tracks,Compactness_Overall_Standard_Deviation_1,audio:lowlevel
05_leakage_check,drop_n_tracks,Spectral_Variability_Overall_Standard_Deviation_1,audio:lowlevel
05_leakage_check,drop_n_tracks,Root_Mean_Square_Overall_Standard_Deviation_1,audio:lowlevel
05_leakage_check,drop_n_tracks,Fraction_Of_Low_Energy_Windows_Overall_Standard_Deviation_1,audio:lowlevel
05_leakage_check,drop_n_tracks,Zero_Crossings_Overall_Standard_Deviation_1,audio:lowlevel
05_leakage_check,drop_n_tracks,Spectral_Centroid_Overall_Average_1,audio:lowlevel
05_leakage_check,drop_n_tracks,Spectral_Rolloff_Point_Overall_Average_1,audio:lowlevel
05_leakage_check,drop_n_tracks,Spectral_Flux_Overall_Average_1,audio:lowlevel
05_leakage_check,drop_n_tracks,Compactness_Overall_Average_1,audio:lowlevel
05_leakage_check,drop_n_tracks,Spectral_Variability_Overall_Average_1,audio:lowlevel
05_leakage_check,drop_n_tracks,Root_Mean_Square_Overall_Average_1,audio:lowlevel
05_leakage_check,drop_n_tracks,Fraction_Of_Low_Energy_Windows_Overall_Average_1,audio:lowlevel
05_leakage_check,drop_n_tracks,Zero_Crossings_Overall_Average_1,audio:lowlevel
05_leakage_check,drop_n_tracks,Mean_Acc5_Mean_Mem20_ZeroCrossings_HopSize512_WinSize512_Sum_AudioCh0,audio:marsyas
05_leakage_check,drop_n_tracks,Mean_Acc5_Mean_Mem20_Centroid_Power_powerFFT_WinHamming_HopSize512_WinSize512_Sum_AudioCh0,audio:marsyas
05_leakage_check,drop_n_tracks,Mean_Acc5_Mean_Mem20_Rolloff_Power_powerFFT_WinHamming_HopSize512_WinSize512_Sum_AudioCh0,audio:marsyas
05_leakage_check,drop_n_tracks,Mean_Acc5_Mean_Mem20_Flux_Power_powerFFT_WinHamming_HopSize512_WinSize512_Sum_AudioCh0,audio:marsyas
05_leakage_check,drop_n_tracks,Mean_Acc5_Mean_Mem20_PeakRatio_Chroma_A_Power_powerFFT_WinHamming_HopSize512_WinSize512_Sum_AudioCh0,audio:marsyas
05_leakage_check,drop_n_tracks,Mean_Acc5_Mean_Mem20_PeakRatio_Chroma_A#_Power_powerFFT_WinHamming_HopSize512_WinSize512_Sum_AudioCh0,audio:marsyas
05_leakage_check,drop_n_tracks,Mean_Acc5_Mean_Mem20_PeakRatio_Chroma_B_Power_powerFFT_WinHamming_HopSize512_WinSize512_Sum_AudioCh0,audio:marsyas
05_leakage_check,drop_n_tracks,Mean_Acc5_Mean_Mem20_PeakRatio_Chroma_C_Power_powerFFT_WinHamming_HopSize512_WinSize512_Sum_AudioCh0,audio:marsyas
05_leakage_check,drop_n_tracks,Mean_Acc5_Mean_Mem20_PeakRatio_Chroma_C#_Power_powerFFT_WinHamming_HopSize512_WinSize512_Sum_AudioCh0,audio:marsyas
05_leakage_check,drop_n_tracks,Mean_Acc5_Mean_Mem20_PeakRatio_Chroma_D_Power_powerFFT_WinHamming_HopSize512_WinSize512_Sum_AudioCh0,audio:marsyas
05_leakage_check,drop_n_tracks,Mean_Acc5_Mean_Mem20_PeakRatio_Chroma_D#_Power_powerFFT_WinHamming_HopSize512_WinSize512_Sum_AudioCh0,audio:marsyas
05_leakage_check,drop_n_tracks,Mean_Acc5_Mean_Mem20_PeakRatio_Chroma_E_Power_powerFFT_WinHamming_HopSize512_WinSize512_Sum_AudioCh0,audio:marsyas
05_leakage_check,drop_n_tracks,Mean_Acc5_Mean_Mem20_PeakRatio_Chroma_F_Power_powerFFT_WinHamming_HopSize512_WinSize512_Sum_AudioCh0,audio:marsyas
05_leakage_check,drop_n_tracks,Mean_Acc5_Mean_Mem20_PeakRatio_Chroma_F#_Power_powerFFT_WinHamming_HopSize512_WinSize512_Sum_AudioCh0,audio:marsyas
05_leakage_check,drop_n_tracks,Mean_Acc5_Mean_Mem20_PeakRatio_Chroma_G_Power_powerFFT_WinHamming_HopSize512_WinSize512_Sum_AudioCh0,audio:marsyas
05_leakage_check,drop_n_tracks,Mean_Acc5_Mean_Mem20_PeakRatio_Chroma_G#_Power_powerFFT_WinHamming_HopSize512_WinSize512_Sum_AudioCh0,audio:marsyas
05_leakage_check,drop_n_tracks,Mean_Acc5_Mean_Mem20_PeakRatio_Average_Chroma_A_Power_powerFFT_WinHamming_HopSize512_WinSize512_Sum_AudioCh0,audio:marsyas
05_leakage_check,drop_n_tracks,Mean_Acc5_Mean_Mem20_PeakRatio_Minimum_Chroma_A_Power_powerFFT_WinHamming_HopSize512_WinSize512_Sum_AudioCh0,audio:marsyas
05_leakage_check,drop_n_tracks,Mean_Acc5_Std_Mem20_ZeroCrossings_HopSize512_WinSize512_Sum_AudioCh0,audio:marsyas
05_leakage_check,drop_n_tracks,Mean_Acc5_Std_Mem20_Centroid_Power_powerFFT_WinHamming_HopSize512_WinSize512_Sum_AudioCh0,audio:marsyas
05_leakage_check,drop_n_tracks,Mean_Acc5_Std_Mem20_Rolloff_Power_powerFFT_WinHamming_HopSize512_WinSize512_Sum_AudioCh0,audio:marsyas
05_leakage_check,drop_n_tracks,Mean_Acc5_Std_Mem20_Flux_Power_powerFFT_WinHamming_HopSize512_WinSize512_Sum_AudioCh0,audio:marsyas
05_leakage_check,drop_n_tracks,Mean_Acc5_Std_Mem20_PeakRatio_Chroma_A_Power_powerFFT_WinHamming_HopSize512_WinSize512_Sum_AudioCh0,audio:marsyas
05_leakage_check,drop_n_tracks,Mean_Acc5_Std_Mem20_PeakRatio_Chroma_A#_Power_powerFFT_WinHamming_HopSize512_WinSize512_Sum_AudioCh0,audio:marsyas
05_leakage_check,drop_n_tracks,Mean_Acc5_Std_Mem20_PeakRatio_Chroma_B_Power_powerFFT_WinHamming_HopSize512_WinSize512_Sum_AudioCh0,audio:marsyas
05_leakage_check,drop_n_tracks,Mean_Acc5_Std_Mem20_PeakRatio_Chroma_C_Power_powerFFT_WinHamming_HopSize512_WinSize512_Sum_AudioCh0,audio:marsyas
05_leakage_check,drop_n_tracks,Mean_Acc5_Std_Mem20_PeakRatio_Chroma_C#_Power_powerFFT_WinHamming_HopSize512_WinSize512_Sum_AudioCh0,audio:marsyas
05_leakage_check,drop_n_tracks,Mean_Acc5_Std_Mem20_PeakRatio_Chroma_D_Power_powerFFT_WinHamming_HopSize512_WinSize512_Sum_AudioCh0,audio:marsyas
05_leakage_check,drop_n_tracks,Mean_Acc5_Std_Mem20_PeakRatio_Chroma_D#_Power_powerFFT_WinHamming_HopSize512_WinSize512_Sum_AudioCh0,audio:marsyas
05_leakage_check,drop_n_tracks,Mean_Acc5_Std_Mem20_PeakRatio_Chroma_E_Power_powerFFT_WinHamming_HopSize512_WinSize512_Sum_AudioCh0,audio:marsyas
05_leakage_check,drop_n_tracks,Mean_Acc5_Std_Mem20_PeakRatio_Chroma_F_Power_powerFFT_WinHamming_HopSize512_WinSize512_Sum_AudioCh0,audio:marsyas
05_leakage_check,drop_n_tracks,Mean_Acc5_Std_Mem20_PeakRatio_Chroma_F#_Power_powerFFT_WinHamming_HopSize512_WinSize512_Sum_AudioCh0,audio:marsyas
05_leakage_check,drop_n_tracks,Mean_Acc5_Std_Mem20_PeakRatio_Chroma_G_Power_powerFFT_WinHamming_HopSize512_WinSize512_Sum_AudioCh0,audio:marsyas
05_leakage_check,drop_n_tracks,Mean_Acc5_Std_Mem20_PeakRatio_Chroma_G#_Power_powerFFT_WinHamming_HopSize512_WinSize512_Sum_AudioCh0,audio:marsyas
05_leakage_check,drop_n_tracks,Mean_Acc5_Std_Mem20_PeakRatio_Average_Chroma_A_Power_powerFFT_WinHamming_HopSize512_WinSize512_Sum_AudioCh0,audio:marsyas
05_leakage_check,drop_n_tracks,Mean_Acc5_Std_Mem20_PeakRatio_Minimum_Chroma_A_Power_powerFFT_WinHamming_HopSize512_WinSize512_Sum_AudioCh0,audio:marsyas
05_leakage_check,drop_n_tracks,Std_Acc5_Mean_Mem20_ZeroCrossings_HopSize512_WinSize512_Sum_AudioCh0,audio:marsyas
05_leakage_check,drop_n_tracks,Std_Acc5_Mean_Mem20_Centroid_Power_powerFFT_WinHamming_HopSize512_WinSize512_Sum_AudioCh0,audio:marsyas
05_leakage_check,drop_n_tracks,Std_Acc5_Mean_Mem20_Rolloff_Power_powerFFT_WinHamming_HopSize512_WinSize512_Sum_AudioCh0,audio:marsyas
05_leakage_check,drop_n_tracks,Std_Acc5_Mean_Mem20_Flux_Power_powerFFT_WinHamming_HopSize512_WinSize512_Sum_AudioCh0,audio:marsyas
05_leakage_check,drop_n_tracks,Std_Acc5_Mean_Mem20_PeakRatio_Chroma_A_Power_powerFFT_WinHamming_HopSize512_WinSize512_Sum_AudioCh0,audio:marsyas
05_leakage_check,drop_n_tracks,Std_Acc5_Mean_Mem20_PeakRatio_Chroma_A#_Power_powerFFT_WinHamming_HopSize512_WinSize512_Sum_AudioCh0,audio:marsyas
05_leakage_check,drop_n_tracks,Std_Acc5_Mean_Mem20_PeakRatio_Chroma_B_Power_powerFFT_WinHamming_HopSize512_WinSize512_Sum_AudioCh0,audio:marsyas
05_leakage_check,drop_n_tracks,Std_Acc5_Mean_Mem20_PeakRatio_Chroma_C_Power_powerFFT_WinHamming_HopSize512_WinSize512_Sum_AudioCh0,audio:marsyas
05_leakage_check,drop_n_tracks,Std_Acc5_Mean_Mem20_PeakRatio_Chroma_C#_Power_powerFFT_WinHamming_HopSize512_WinSize512_Sum_AudioCh0,audio:marsyas
05_leakage_check,drop_n_tracks,Std_Acc5_Mean_Mem20_PeakRatio_Chroma_D_Power_powerFFT_WinHamming_HopSize512_WinSize512_Sum_AudioCh0,audio:marsyas
05_leakage_check,drop_n_tracks,Std_Acc5_Mean_Mem20_PeakRatio_Chroma_D#_Power_powerFFT_WinHamming_HopSize512_WinSize512_Sum_AudioCh0,audio:marsyas
05_leakage_check,drop_n_tracks,Std_Acc5_Mean_Mem20_PeakRatio_Chroma_E_Power_powerFFT_WinHamming_HopSize512_WinSize512_Sum_AudioCh0,audio:marsyas
05_leakage_check,drop_n_tracks,Std_Acc5_Mean_Mem20_PeakRatio_Chroma_F_Power_powerFFT_WinHamming_HopSize512_WinSize512_Sum_AudioCh0,audio:marsyas
05_leakage_check,drop_n_tracks,Std_Acc5_Mean_Mem20_PeakRatio_Chroma_F#_Power_powerFFT_WinHamming_HopSize512_WinSize512_Sum_AudioCh0,audio:marsyas
05_leakage_check,drop_n_tracks,Std_Acc5_Mean_Mem20_PeakRatio_Chroma_G_Power_powerFFT_WinHamming_HopSize512_WinSize512_Sum_AudioCh0,audio:marsyas
05_leakage_check,drop_n_tracks,Std_Acc5_Mean_Mem20_PeakRatio_Chroma_G#_Power_powerFFT_WinHamming_HopSize512_WinSize512_Sum_AudioCh0,audio:marsyas
05_leakage_check,drop_n_tracks,Std_Acc5_Mean_Mem20_PeakRatio_Average_Chroma_A_Power_powerFFT_WinHamming_HopSize512_WinSize512_Sum_AudioCh0,audio:marsyas
05_leakage_check,drop_n_tracks,Std_Acc5_Mean_Mem20_PeakRatio_Minimum_Chroma_A_Power_powerFFT_WinHamming_HopSize512_WinSize512_Sum_AudioCh0,audio:marsyas
05_leakage_check,drop_n_tracks,Std_Acc5_Std_Mem20_ZeroCrossings_HopSize512_WinSize512_Sum_AudioCh0,audio:marsyas
05_leakage_check,drop_n_tracks,Std_Acc5_Std_Mem20_Centroid_Power_powerFFT_WinHamming_HopSize512_WinSize512_Sum_AudioCh0,audio:marsyas
05_leakage_check,drop_n_tracks,Std_Acc5_Std_Mem20_Rolloff_Power_powerFFT_WinHamming_HopSize512_WinSize512_Sum_AudioCh0,audio:marsyas
05_leakage_check,drop_n_tracks,Std_Acc5_Std_Mem20_Flux_Power_powerFFT_WinHamming_HopSize512_WinSize512_Sum_AudioCh0,audio:marsyas
05_leakage_check,drop_n_tracks,Std_Acc5_Std_Mem20_PeakRatio_Chroma_A_Power_powerFFT_WinHamming_HopSize512_WinSize512_Sum_AudioCh0,audio:marsyas
05_leakage_check,drop_n_tracks,Std_Acc5_Std_Mem20_PeakRatio_Chroma_A#_Power_powerFFT_WinHamming_HopSize512_WinSize512_Sum_AudioCh0,audio:marsyas
05_leakage_check,drop_n_tracks,Std_Acc5_Std_Mem20_PeakRatio_Chroma_B_Power_powerFFT_WinHamming_HopSize512_WinSize512_Sum_AudioCh0,audio:marsyas
05_leakage_check,drop_n_tracks,Std_Acc5_Std_Mem20_PeakRatio_Chroma_C_Power_powerFFT_WinHamming_HopSize512_WinSize512_Sum_AudioCh0,audio:marsyas
05_leakage_check,drop_n_tracks,Std_Acc5_Std_Mem20_PeakRatio_Chroma_C#_Power_powerFFT_WinHamming_HopSize512_WinSize512_Sum_AudioCh0,audio:marsyas
05_leakage_check,drop_n_tracks,Std_Acc5_Std_Mem20_PeakRatio_Chroma_D_Power_powerFFT_WinHamming_HopSize512_WinSize512_Sum_AudioCh0,audio:marsyas
05_leakage_check,drop_n_tracks,Std_Acc5_Std_Mem20_PeakRatio_Chroma_D#_Power_powerFFT_WinHamming_HopSize512_WinSize512_Sum_AudioCh0,audio:marsyas
05_leakage_check,drop_n_tracks,Std_Acc5_Std_Mem20_PeakRatio_Chroma_E_Power_powerFFT_WinHamming_HopSize512_WinSize512_Sum_AudioCh0,audio:marsyas
05_leakage_check,drop_n_tracks,Std_Acc5_Std_Mem20_PeakRatio_Chroma_F_Power_powerFFT_WinHamming_HopSize512_WinSize512_Sum_AudioCh0,audio:marsyas
05_leakage_check,drop_n_tracks,Std_Acc5_Std_Mem20_PeakRatio_Chroma_F#_Power_powerFFT_WinHamming_HopSize512_WinSize512_Sum_AudioCh0,audio:marsyas
05_leakage_check,drop_n_tracks,Std_Acc5_Std_Mem20_PeakRatio_Chroma_G_Power_powerFFT_WinHamming_HopSize512_WinSize512_Sum_AudioCh0,audio:marsyas
05_leakage_check,drop_n_tracks,Std_Acc5_Std_Mem20_PeakRatio_Chroma_G#_Power_powerFFT_WinHamming_HopSize512_WinSize512_Sum_AudioCh0,audio:marsyas
05_leakage_check,drop_n_tracks,Std_Acc5_Std_Mem20_PeakRatio_Average_Chroma_A_Power_powerFFT_WinHamming_HopSize512_WinSize512_Sum_AudioCh0,audio:marsyas
05_leakage_check,drop_n_tracks,Std_Acc5_Std_Mem20_PeakRatio_Minimum_Chroma_A_Power_powerFFT_WinHamming_HopSize512_WinSize512_Sum_AudioCh0,audio:marsyas
05_leakage_check,drop_n_tracks,MFCC_Overall_Standard_Deviation_1,audio:MFCC_simple
05_leakage_check,drop_n_tracks,MFCC_Overall_Standard_Deviation_2,audio:MFCC_simple
05_leakage_check,drop_n_tracks,MFCC_Overall_Standard_Deviation_3,audio:MFCC_simple
05_leakage_check,drop_n_tracks,MFCC_Overall_Standard_Deviation_4,audio:MFCC_simple
05_leakage_check,drop_n_tracks,MFCC_Overall_Standard_Deviation_5,audio:MFCC_simple
05_leakage_check,drop_n_tracks,MFCC_Overall_Standard_Deviation_6,audio:MFCC_simple
05_leakage_check,drop_n_tracks,MFCC_Overall_Standard_Deviation_7,audio:MFCC_simple
05_leakage_check,drop_n_tracks,MFCC_Overall_Standard_Deviation_8,audio:MFCC_simple
05_leakage_check,drop_n_tracks,MFCC_Overall_Standard_Deviation_9,audio:MFCC_simple
05_leakage_check,drop_n_tracks,MFCC_Overall_Standard_Deviation_10,audio:MFCC_simple
05_leakage_check,drop_n_tracks,MFCC_Overall_Standard_Deviation_11,audio:MFCC_simple
05_leakage_check,drop_n_tracks,MFCC_Overall_Standard_Deviation_12,audio:MFCC_simple
05_leakage_check,drop_n_tracks,MFCC_Overall_Standard_Deviation_13,audio:MFCC_simple
05_leakage_check,drop_n_tracks,MFCC_Overall_Average_1,audio:MFCC_simple
05_leakage_check,drop_n_tracks,MFCC_Overall_Average_2,audio:MFCC_simple
05_leakage_check,drop_n_tracks,MFCC_Overall_Average_3,audio:MFCC_simple
05_leakage_check,drop_n_tracks,MFCC_Overall_Average_4,audio:MFCC_simple
05_leakage_check,drop_n_tracks,MFCC_Overall_Average_5,audio:MFCC_simple
05_leakage_check,drop_n_tracks,MFCC_Overall_Average_6,audio:MFCC_simple
05_leakage_check,drop_n_tracks,MFCC_Overall_Average_7,audio:MFCC_simple
05_leakage_check,drop_n_tracks,MFCC_Overall_Average_8,audio:MFCC_simple
05_leakage_check,drop_n_tracks,MFCC_Overall_Average_9,audio:MFCC_simple
05_leakage_check,drop_n_tracks,MFCC_Overall_Average_10,audio:MFCC_simple
05_leakage_check,drop_n_tracks,MFCC_Overall_Average_11,audio:MFCC_simple
05_leakage_check,drop_n_tracks,MFCC_Overall_Average_12,audio:MFCC_simple
05_leakage_check,drop_n_tracks,MFCC_Overall_Average_13,audio:MFCC_simple
05_leakage_check,drop_n_tracks,year_mean,numeric
05_leakage_check,drop_n_tracks,duration_mean,numeric
05_leakage_check,drop_n_tracks,year_known_ratio,numeric
05_leakage_check,drop_n_tracks,n_genres,numeric
05_leakage_check,drop_n_tracks,genre_rock,genre
05_leakage_check,drop_n_tracks,genre_electronic,genre
05_leakage_check,drop_n_tracks,genre_pop,genre
05_leakage_check,drop_n_tracks,genre_alternative rock,genre
05_leakage_check,drop_n_tracks,genre_hip hop,genre
05_leakage_check,drop_n_tracks,genre_united states,genre
05_leakage_check,drop_n_tracks,genre_house,genre
05_leakage_check,drop_n_tracks,genre_jazz,genre
05_leakage_check,drop_n_tracks,genre_alternative,genre
05_leakage_check,drop_n_tracks,genre_indie,genre
05_leakage_check,drop_n_tracks,genre_electro,genre
05_leakage_check,drop_n_tracks,genre_indie rock,genre
05_leakage_check,drop_n_tracks,genre_experimental,genre
05_leakage_check,drop_n_tracks,genre_pop rock,genre
05_leakage_check,drop_n_tracks,genre_punk,genre
05_leakage_check,drop_n_tracks,genre_techno,genre
05_leakage_check,drop_n_tracks,genre_folk,genre
05_leakage_check,drop_n_tracks,genre_downtempo,genre
05_leakage_check,drop_n_tracks,genre_ambient,genre
05_leakage_check,drop_n_tracks,genre_soul,genre
05_leakage_check,drop_n_tracks,genre_germany,genre
05_leakage_check,drop_n_tracks,genre_electronica,genre
05_leakage_check,drop_n_tracks,genre_disco,genre
05_leakage_check,drop_n_tracks,genre_american,genre
05_leakage_check,drop_n_tracks,genre_trance,genre
05_leakage_check,drop_n_tracks,genre_synthpop,genre
05_leakage_check,drop_n_tracks,genre_funk,genre
05_leakage_check,drop_n_tracks,genre_world,genre
05_leakage_check,drop_n_tracks,genre_blues,genre
05_leakage_check,drop_n_tracks,genre_hardcore,genre
05_leakage_check,drop_n_genres,Area_Method_of_Moments_Overall_Standard_Deviation_1,audio:Area_MoM
05_leakage_check,drop_n_genres,Area_Method_of_Moments_Overall_Standard_Deviation_2,audio:Area_MoM
05_leakage_check,drop_n_genres,Area_Method_of_Moments_Overall_Standard_Deviation_3,audio:Area_MoM
05_leakage_check,drop_n_genres,Area_Method_of_Moments_Overall_Standard_Deviation_4,audio:Area_MoM
05_leakage_check,drop_n_genres,Area_Method_of_Moments_Overall_Standard_Deviation_5,audio:Area_MoM
05_leakage_check,drop_n_genres,Area_Method_of_Moments_Overall_Standard_Deviation_6,audio:Area_MoM
05_leakage_check,drop_n_genres,Area_Method_of_Moments_Overall_Standard_Deviation_7,audio:Area_MoM
05_leakage_check,drop_n_genres,Area_Method_of_Moments_Overall_Standard_Deviation_8,audio:Area_MoM
05_leakage_check,drop_n_genres,Area_Method_of_Moments_Overall_Standard_Deviation_9,audio:Area_MoM
05_leakage_check,drop_n_genres,Area_Method_of_Moments_Overall_Standard_Deviation_10,audio:Area_MoM
05_leakage_check,drop_n_genres,Area_Method_of_Moments_Overall_Average_1,audio:Area_MoM
05_leakage_check,drop_n_genres,Area_Method_of_Moments_Overall_Average_2,audio:Area_MoM
05_leakage_check,drop_n_genres,Area_Method_of_Moments_Overall_Average_3,audio:Area_MoM
05_leakage_check,drop_n_genres,Area_Method_of_Moments_Overall_Average_4,audio:Area_MoM
05_leakage_check,drop_n_genres,Area_Method_of_Moments_Overall_Average_5,audio:Area_MoM
05_leakage_check,drop_n_genres,Area_Method_of_Moments_Overall_Average_6,audio:Area_MoM
05_leakage_check,drop_n_genres,Area_Method_of_Moments_Overall_Average_7,audio:Area_MoM
05_leakage_check,drop_n_genres,Area_Method_of_Moments_Overall_Average_8,audio:Area_MoM
05_leakage_check,drop_n_genres,Area_Method_of_Moments_Overall_Average_9,audio:Area_MoM
05_leakage_check,drop_n_genres,Area_Method_of_Moments_Overall_Average_10,audio:Area_MoM
05_leakage_check,drop_n_genres,LPC_Overall_Standard_Deviation_1,audio:LPC
05_leakage_check,drop_n_genres,LPC_Overall_Standard_Deviation_2,audio:LPC
05_leakage_check,drop_n_genres,LPC_Overall_Standard_Deviation_3,audio:LPC
05_leakage_check,drop_n_genres,LPC_Overall_Standard_Deviation_4,audio:LPC
05_leakage_check,drop_n_genres,LPC_Overall_Standard_Deviation_5,audio:LPC
05_leakage_check,drop_n_genres,LPC_Overall_Standard_Deviation_6,audio:LPC
05_leakage_check,drop_n_genres,LPC_Overall_Standard_Deviation_7,audio:LPC
05_leakage_check,drop_n_genres,LPC_Overall_Standard_Deviation_8,audio:LPC
05_leakage_check,drop_n_genres,LPC_Overall_Standard_Deviation_9,audio:LPC
05_leakage_check,drop_n_genres,LPC_Overall_Average_1,audio:LPC
05_leakage_check,drop_n_genres,LPC_Overall_Average_2,audio:LPC
05_leakage_check,drop_n_genres,LPC_Overall_Average_3,audio:LPC
05_leakage_check,drop_n_genres,LPC_Overall_Average_4,audio:LPC
05_leakage_check,drop_n_genres,LPC_Overall_Average_5,audio:LPC
05_leakage_check,drop_n_genres,LPC_Overall_Average_6,audio:LPC
05_leakage_check,drop_n_genres,LPC_Overall_Average_7,audio:LPC
05_leakage_check,drop_n_genres,LPC_Overall_Average_8,audio:LPC
05_leakage_check,drop_n_genres,LPC_Overall_Average_9,audio:LPC
05_leakage_check,drop_n_genres,Spectral_Centroid_Overall_Standard_Deviation_1,audio:lowlevel
05_leakage_check,drop_n_genres,Spectral_Rolloff_Point_Overall_Standard_Deviation_1,audio:lowlevel
05_leakage_check,drop_n_genres,Spectral_Flux_Overall_Standard_Deviation_1,audio:lowlevel
05_leakage_check,drop_n_genres,Compactness_Overall_Standard_Deviation_1,audio:lowlevel
05_leakage_check,drop_n_genres,Spectral_Variability_Overall_Standard_Deviation_1,audio:lowlevel
05_leakage_check,drop_n_genres,Root_Mean_Square_Overall_Standard_Deviation_1,audio:lowlevel
05_leakage_check,drop_n_genres,Fraction_Of_Low_Energy_Windows_Overall_Standard_Deviation_1,audio:lowlevel
05_leakage_check,drop_n_genres,Zero_Crossings_Overall_Standard_Deviation_1,audio:lowlevel
05_leakage_check,drop_n_genres,Spectral_Centroid_Overall_Average_1,audio:lowlevel
05_leakage_check,drop_n_genres,Spectral_Rolloff_Point_Overall_Average_1,audio:lowlevel
05_leakage_check,drop_n_genres,Spectral_Flux_Overall_Average_1,audio:lowlevel
05_leakage_check,drop_n_genres,Compactness_Overall_Average_1,audio:lowlevel
05_leakage_check,drop_n_genres,Spectral_Variability_Overall_Average_1,audio:lowlevel
05_leakage_check,drop_n_genres,Root_Mean_Square_Overall_Average_1,audio:lowlevel
05_leakage_check,drop_n_genres,Fraction_Of_Low_Energy_Windows_Overall_Average_1,audio:lowlevel
05_leakage_check,drop_n_genres,Zero_Crossings_Overall_Average_1,audio:lowlevel
05_leakage_check,drop_n_genres,Mean_Acc5_Mean_Mem20_ZeroCrossings_HopSize512_WinSize512_Sum_AudioCh0,audio:marsyas
05_leakage_check,drop_n_genres,Mean_Acc5_Mean_Mem20_Centroid_Power_powerFFT_WinHamming_HopSize512_WinSize512_Sum_AudioCh0,audio:marsyas
05_leakage_check,drop_n_genres,Mean_Acc5_Mean_Mem20_Rolloff_Power_powerFFT_WinHamming_HopSize512_WinSize512_Sum_AudioCh0,audio:marsyas
05_leakage_check,drop_n_genres,Mean_Acc5_Mean_Mem20_Flux_Power_powerFFT_WinHamming_HopSize512_WinSize512_Sum_AudioCh0,audio:marsyas
05_leakage_check,drop_n_genres,Mean_Acc5_Mean_Mem20_PeakRatio_Chroma_A_Power_powerFFT_WinHamming_HopSize512_WinSize512_Sum_AudioCh0,audio:marsyas
05_leakage_check,drop_n_genres,Mean_Acc5_Mean_Mem20_PeakRatio_Chroma_A#_Power_powerFFT_WinHamming_HopSize512_WinSize512_Sum_AudioCh0,audio:marsyas
05_leakage_check,drop_n_genres,Mean_Acc5_Mean_Mem20_PeakRatio_Chroma_B_Power_powerFFT_WinHamming_HopSize512_WinSize512_Sum_AudioCh0,audio:marsyas
05_leakage_check,drop_n_genres,Mean_Acc5_Mean_Mem20_PeakRatio_Chroma_C_Power_powerFFT_WinHamming_HopSize512_WinSize512_Sum_AudioCh0,audio:marsyas
05_leakage_check,drop_n_genres,Mean_Acc5_Mean_Mem20_PeakRatio_Chroma_C#_Power_powerFFT_WinHamming_HopSize512_WinSize512_Sum_AudioCh0,audio:marsyas
05_leakage_check,drop_n_genres,Mean_Acc5_Mean_Mem20_PeakRatio_Chroma_D_Power_powerFFT_WinHamming_HopSize512_WinSize512_Sum_AudioCh0,audio:marsyas
05_leakage_check,drop_n_genres,Mean_Acc5_Mean_Mem20_PeakRatio_Chroma_D#_Power_powerFFT_WinHamming_HopSize512_WinSize512_Sum_AudioCh0,audio:marsyas
05_leakage_check,drop_n_genres,Mean_Acc5_Mean_Mem20_PeakRatio_Chroma_E_Power_powerFFT_WinHamming_HopSize512_WinSize512_Sum_AudioCh0,audio:marsyas
05_leakage_check,drop_n_genres,Mean_Acc5_Mean_Mem20_PeakRatio_Chroma_F_Power_powerFFT_WinHamming_HopSize512_WinSize512_Sum_AudioCh0,audio:marsyas
05_leakage_check,drop_n_genres,Mean_Acc5_Mean_Mem20_PeakRatio_Chroma_F#_Power_powerFFT_WinHamming_HopSize512_WinSize512_Sum_AudioCh0,audio:marsyas
05_leakage_check,drop_n_genres,Mean_Acc5_Mean_Mem20_PeakRatio_Chroma_G_Power_powerFFT_WinHamming_HopSize512_WinSize512_Sum_AudioCh0,audio:marsyas
05_leakage_check,drop_n_genres,Mean_Acc5_Mean_Mem20_PeakRatio_Chroma_G#_Power_powerFFT_WinHamming_HopSize512_WinSize512_Sum_AudioCh0,audio:marsyas
05_leakage_check,drop_n_genres,Mean_Acc5_Mean_Mem20_PeakRatio_Average_Chroma_A_Power_powerFFT_WinHamming_HopSize512_WinSize512_Sum_AudioCh0,audio:marsyas
05_leakage_check,drop_n_genres,Mean_Acc5_Mean_Mem20_PeakRatio_Minimum_Chroma_A_Power_powerFFT_WinHamming_HopSize512_WinSize512_Sum_AudioCh0,audio:marsyas
05_leakage_check,drop_n_genres,Mean_Acc5_Std_Mem20_ZeroCrossings_HopSize512_WinSize512_Sum_AudioCh0,audio:marsyas
05_leakage_check,drop_n_genres,Mean_Acc5_Std_Mem20_Centroid_Power_powerFFT_WinHamming_HopSize512_WinSize512_Sum_AudioCh0,audio:marsyas
05_leakage_check,drop_n_genres,Mean_Acc5_Std_Mem20_Rolloff_Power_powerFFT_WinHamming_HopSize512_WinSize512_Sum_AudioCh0,audio:marsyas
05_leakage_check,drop_n_genres,Mean_Acc5_Std_Mem20_Flux_Power_powerFFT_WinHamming_HopSize512_WinSize512_Sum_AudioCh0,audio:marsyas
05_leakage_check,drop_n_genres,Mean_Acc5_Std_Mem20_PeakRatio_Chroma_A_Power_powerFFT_WinHamming_HopSize512_WinSize512_Sum_AudioCh0,audio:marsyas
05_leakage_check,drop_n_genres,Mean_Acc5_Std_Mem20_PeakRatio_Chroma_A#_Power_powerFFT_WinHamming_HopSize512_WinSize512_Sum_AudioCh0,audio:marsyas
05_leakage_check,drop_n_genres,Mean_Acc5_Std_Mem20_PeakRatio_Chroma_B_Power_powerFFT_WinHamming_HopSize512_WinSize512_Sum_AudioCh0,audio:marsyas
05_leakage_check,drop_n_genres,Mean_Acc5_Std_Mem20_PeakRatio_Chroma_C_Power_powerFFT_WinHamming_HopSize512_WinSize512_Sum_AudioCh0,audio:marsyas
05_leakage_check,drop_n_genres,Mean_Acc5_Std_Mem20_PeakRatio_Chroma_C#_Power_powerFFT_WinHamming_HopSize512_WinSize512_Sum_AudioCh0,audio:marsyas
05_leakage_check,drop_n_genres,Mean_Acc5_Std_Mem20_PeakRatio_Chroma_D_Power_powerFFT_WinHamming_HopSize512_WinSize512_Sum_AudioCh0,audio:marsyas
05_leakage_check,drop_n_genres,Mean_Acc5_Std_Mem20_PeakRatio_Chroma_D#_Power_powerFFT_WinHamming_HopSize512_WinSize512_Sum_AudioCh0,audio:marsyas
05_leakage_check,drop_n_genres,Mean_Acc5_Std_Mem20_PeakRatio_Chroma_E_Power_powerFFT_WinHamming_HopSize512_WinSize512_Sum_AudioCh0,audio:marsyas
05_leakage_check,drop_n_genres,Mean_Acc5_Std_Mem20_PeakRatio_Chroma_F_Power_powerFFT_WinHamming_HopSize512_WinSize512_Sum_AudioCh0,audio:marsyas
05_leakage_check,drop_n_genres,Mean_Acc5_Std_Mem20_PeakRatio_Chroma_F#_Power_powerFFT_WinHamming_HopSize512_WinSize512_Sum_AudioCh0,audio:marsyas
05_leakage_check,drop_n_genres,Mean_Acc5_Std_Mem20_PeakRatio_Chroma_G_Power_powerFFT_WinHamming_HopSize512_WinSize512_Sum_AudioCh0,audio:marsyas
05_leakage_check,drop_n_genres,Mean_Acc5_Std_Mem20_PeakRatio_Chroma_G#_Power_powerFFT_WinHamming_HopSize512_WinSize512_Sum_AudioCh0,audio:marsyas
05_leakage_check,drop_n_genres,Mean_Acc5_Std_Mem20_PeakRatio_Average_Chroma_A_Power_powerFFT_WinHamming_HopSize512_WinSize512_Sum_AudioCh0,audio:marsyas
05_leakage_check,drop_n_genres,Mean_Acc5_Std_Mem20_PeakRatio_Minimum_Chroma_A_Power_powerFFT_WinHamming_HopSize512_WinSize512_Sum_AudioCh0,audio:marsyas
05_leakage_check,drop_n_genres,Std_Acc5_Mean_Mem20_ZeroCrossings_HopSize512_WinSize512_Sum_AudioCh0,audio:marsyas
05_leakage_check,drop_n_genres,Std_Acc5_Mean_Mem20_Centroid_Power_powerFFT_WinHamming_HopSize512_WinSize512_Sum_AudioCh0,audio:marsyas
05_leakage_check,drop_n_genres,Std_Acc5_Mean_Mem20_Rolloff_Power_powerFFT_WinHamming_HopSize512_WinSize512_Sum_AudioCh0,audio:marsyas
05_leakage_check,drop_n_genres,Std_Acc5_Mean_Mem20_Flux_Power_powerFFT_WinHamming_HopSize512_WinSize512_Sum_AudioCh0,audio:marsyas
05_leakage_check,drop_n_genres,Std_Acc5_Mean_Mem20_PeakRatio_Chroma_A_Power_powerFFT_WinHamming_HopSize512_WinSize512_Sum_AudioCh0,audio:marsyas
05_leakage_check,drop_n_genres,Std_Acc5_Mean_Mem20_PeakRatio_Chroma_A#_Power_powerFFT_WinHamming_HopSize512_WinSize512_Sum_AudioCh0,audio:marsyas
05_leakage_check,drop_n_genres,Std_Acc5_Mean_Mem20_PeakRatio_Chroma_B_Power_powerFFT_WinHamming_HopSize512_WinSize512_Sum_AudioCh0,audio:marsyas
05_leakage_check,drop_n_genres,Std_Acc5_Mean_Mem20_PeakRatio_Chroma_C_Power_powerFFT_WinHamming_HopSize512_WinSize512_Sum_AudioCh0,audio:marsyas
05_leakage_check,drop_n_genres,Std_Acc5_Mean_Mem20_PeakRatio_Chroma_C#_Power_powerFFT_WinHamming_HopSize512_WinSize512_Sum_AudioCh0,audio:marsyas
05_leakage_check,drop_n_genres,Std_Acc5_Mean_Mem20_PeakRatio_Chroma_D_Power_powerFFT_WinHamming_HopSize512_WinSize512_Sum_AudioCh0,audio:marsyas
05_leakage_check,drop_n_genres,Std_Acc5_Mean_Mem20_PeakRatio_Chroma_D#_Power_powerFFT_WinHamming_HopSize512_WinSize512_Sum_AudioCh0,audio:marsyas
05_leakage_check,drop_n_genres,Std_Acc5_Mean_Mem20_PeakRatio_Chroma_E_Power_powerFFT_WinHamming_HopSize512_WinSize512_Sum_AudioCh0,audio:marsyas
05_leakage_check,drop_n_genres,Std_Acc5_Mean_Mem20_PeakRatio_Chroma_F_Power_powerFFT_WinHamming_HopSize512_WinSize512_Sum_AudioCh0,audio:marsyas
05_leakage_check,drop_n_genres,Std_Acc5_Mean_Mem20_PeakRatio_Chroma_F#_Power_powerFFT_WinHamming_HopSize512_WinSize512_Sum_AudioCh0,audio:marsyas
05_leakage_check,drop_n_genres,Std_Acc5_Mean_Mem20_PeakRatio_Chroma_G_Power_powerFFT_WinHamming_HopSize512_WinSize512_Sum_AudioCh0,audio:marsyas
05_leakage_check,drop_n_genres,Std_Acc5_Mean_Mem20_PeakRatio_Chroma_G#_Power_powerFFT_WinHamming_HopSize512_WinSize512_Sum_AudioCh0,audio:marsyas
05_leakage_check,drop_n_genres,Std_Acc5_Mean_Mem20_PeakRatio_Average_Chroma_A_Power_powerFFT_WinHamming_HopSize512_WinSize512_Sum_AudioCh0,audio:marsyas
05_leakage_check,drop_n_genres,Std_Acc5_Mean_Mem20_PeakRatio_Minimum_Chroma_A_Power_powerFFT_WinHamming_HopSize512_WinSize512_Sum_AudioCh0,audio:marsyas
05_leakage_check,drop_n_genres,Std_Acc5_Std_Mem20_ZeroCrossings_HopSize512_WinSize512_Sum_AudioCh0,audio:marsyas
05_leakage_check,drop_n_genres,Std_Acc5_Std_Mem20_Centroid_Power_powerFFT_WinHamming_HopSize512_WinSize512_Sum_AudioCh0,audio:marsyas
05_leakage_check,drop_n_genres,Std_Acc5_Std_Mem20_Rolloff_Power_powerFFT_WinHamming_HopSize512_WinSize512_Sum_AudioCh0,audio:marsyas
05_leakage_check,drop_n_genres,Std_Acc5_Std_Mem20_Flux_Power_powerFFT_WinHamming_HopSize512_WinSize512_Sum_AudioCh0,audio:marsyas
05_leakage_check,drop_n_genres,Std_Acc5_Std_Mem20_PeakRatio_Chroma_A_Power_powerFFT_WinHamming_HopSize512_WinSize512_Sum_AudioCh0,audio:marsyas
05_leakage_check,drop_n_genres,Std_Acc5_Std_Mem20_PeakRatio_Chroma_A#_Power_powerFFT_WinHamming_HopSize512_WinSize512_Sum_AudioCh0,audio:marsyas
05_leakage_check,drop_n_genres,Std_Acc5_Std_Mem20_PeakRatio_Chroma_B_Power_powerFFT_WinHamming_HopSize512_WinSize512_Sum_AudioCh0,audio:marsyas
05_leakage_check,drop_n_genres,Std_Acc5_Std_Mem20_PeakRatio_Chroma_C_Power_powerFFT_WinHamming_HopSize512_WinSize512_Sum_AudioCh0,audio:marsyas
05_leakage_check,drop_n_genres,Std_Acc5_Std_Mem20_PeakRatio_Chroma_C#_Power_powerFFT_WinHamming_HopSize512_WinSize512_Sum_AudioCh0,audio:marsyas
05_leakage_check,drop_n_genres,Std_Acc5_Std_Mem20_PeakRatio_Chroma_D_Power_powerFFT_WinHamming_HopSize512_WinSize512_Sum_AudioCh0,audio:marsyas
05_leakage_check,drop_n_genres,Std_Acc5_Std_Mem20_PeakRatio_Chroma_D#_Power_powerFFT_WinHamming_HopSize512_WinSize512_Sum_AudioCh0,audio:marsyas
05_leakage_check,drop_n_genres,Std_Acc5_Std_Mem20_PeakRatio_Chroma_E_Power_powerFFT_WinHamming_HopSize512_WinSize512_Sum_AudioCh0,audio:marsyas
05_leakage_check,drop_n_genres,Std_Acc5_Std_Mem20_PeakRatio_Chroma_F_Power_powerFFT_WinHamming_HopSize512_WinSize512_Sum_AudioCh0,audio:marsyas
05_leakage_check,drop_n_genres,Std_Acc5_Std_Mem20_PeakRatio_Chroma_F#_Power_powerFFT_WinHamming_HopSize512_WinSize512_Sum_AudioCh0,audio:marsyas
05_leakage_check,drop_n_genres,Std_Acc5_Std_Mem20_PeakRatio_Chroma_G_Power_powerFFT_WinHamming_HopSize512_WinSize512_Sum_AudioCh0,audio:marsyas
05_leakage_check,drop_n_genres,Std_Acc5_Std_Mem20_PeakRatio_Chroma_G#_Power_powerFFT_WinHamming_HopSize512_WinSize512_Sum_AudioCh0,audio:marsyas
05_leakage_check,drop_n_genres,Std_Acc5_Std_Mem20_PeakRatio_Average_Chroma_A_Power_powerFFT_WinHamming_HopSize512_WinSize512_Sum_AudioCh0,audio:marsyas
05_leakage_check,drop_n_genres,Std_Acc5_Std_Mem20_PeakRatio_Minimum_Chroma_A_Power_powerFFT_WinHamming_HopSize512_WinSize512_Sum_AudioCh0,audio:marsyas
05_leakage_check,drop_n_genres,MFCC_Overall_Standard_Deviation_1,audio:MFCC_simple
05_leakage_check,drop_n_genres,MFCC_Overall_Standard_Deviation_2,audio:MFCC_simple
05_leakage_check,drop_n_genres,MFCC_Overall_Standard_Deviation_3,audio:MFCC_simple
05_leakage_check,drop_n_genres,MFCC_Overall_Standard_Deviation_4,audio:MFCC_simple
05_leakage_check,drop_n_genres,MFCC_Overall_Standard_Deviation_5,audio:MFCC_simple
05_leakage_check,drop_n_genres,MFCC_Overall_Standard_Deviation_6,audio:MFCC_simple
05_leakage_check,drop_n_genres,MFCC_Overall_Standard_Deviation_7,audio:MFCC_simple
05_leakage_check,drop_n_genres,MFCC_Overall_Standard_Deviation_8,audio:MFCC_simple
05_leakage_check,drop_n_genres,MFCC_Overall_Standard_Deviation_9,audio:MFCC_simple
05_leakage_check,drop_n_genres,MFCC_Overall_Standard_Deviation_10,audio:MFCC_simple
05_leakage_check,drop_n_genres,MFCC_Overall_Standard_Deviation_11,audio:MFCC_simple
05_leakage_check,drop_n_genres,MFCC_Overall_Standard_Deviation_12,audio:MFCC_simple
05_leakage_check,drop_n_genres,MFCC_Overall_Standard_Deviation_13,audio:MFCC_simple
05_leakage_check,drop_n_genres,MFCC_Overall_Average_1,audio:MFCC_simple
05_leakage_check,drop_n_genres,MFCC_Overall_Average_2,audio:MFCC_simple
05_leakage_check,drop_n_genres,MFCC_Overall_Average_3,audio:MFCC_simple
05_leakage_check,drop_n_genres,MFCC_Overall_Average_4,audio:MFCC_simple
05_leakage_check,drop_n_genres,MFCC_Overall_Average_5,audio:MFCC_simple
05_leakage_check,drop_n_genres,MFCC_Overall_Average_6,audio:MFCC_simple
05_leakage_check,drop_n_genres,MFCC_Overall_Average_7,audio:MFCC_simple
05_leakage_check,drop_n_genres,MFCC_Overall_Average_8,audio:MFCC_simple
05_leakage_check,drop_n_genres,MFCC_Overall_Average_9,audio:MFCC_simple
05_leakage_check,drop_n_genres,MFCC_Overall_Average_10,audio:MFCC_simple
05_leakage_check,drop_n_genres,MFCC_Overall_Average_11,audio:MFCC_simple
05_leakage_check,drop_n_genres,MFCC_Overall_Average_12,audio:MFCC_simple
05_leakage_check,drop_n_genres,MFCC_Overall_Average_13,audio:MFCC_simple
05_leakage_check,drop_n_genres,year_mean,numeric
05_leakage_check,drop_n_genres,duration_mean,numeric
05_leakage_check,drop_n_genres,year_known_ratio,numeric
05_leakage_check,drop_n_genres,n_tracks,numeric
05_leakage_check,drop_n_genres,genre_rock,genre
05_leakage_check,drop_n_genres,genre_electronic,genre
05_leakage_check,drop_n_genres,genre_pop,genre
05_leakage_check,drop_n_genres,genre_alternative rock,genre
05_leakage_check,drop_n_genres,genre_hip hop,genre
05_leakage_check,drop_n_genres,genre_united states,genre
05_leakage_check,drop_n_genres,genre_house,genre
05_leakage_check,drop_n_genres,genre_jazz,genre
05_leakage_check,drop_n_genres,genre_alternative,genre
05_leakage_check,drop_n_genres,genre_indie,genre
05_leakage_check,drop_n_genres,genre_electro,genre
05_leakage_check,drop_n_genres,genre_indie rock,genre
05_leakage_check,drop_n_genres,genre_experimental,genre
05_leakage_check,drop_n_genres,genre_pop rock,genre
05_leakage_check,drop_n_genres,genre_punk,genre
05_leakage_check,drop_n_genres,genre_techno,genre
05_leakage_check,drop_n_genres,genre_folk,genre
05_leakage_check,drop_n_genres,genre_downtempo,genre
05_leakage_check,drop_n_genres,genre_ambient,genre
05_leakage_check,drop_n_genres,genre_soul,genre
05_leakage_check,drop_n_genres,genre_germany,genre
05_leakage_check,drop_n_genres,genre_electronica,genre
05_leakage_check,drop_n_genres,genre_disco,genre
05_leakage_check,drop_n_genres,genre_american,genre
05_leakage_check,drop_n_genres,genre_trance,genre
05_leakage_check,drop_n_genres,genre_synthpop,genre
05_leakage_check,drop_n_genres,genre_funk,genre
05_leakage_check,drop_n_genres,genre_world,genre
05_leakage_check,drop_n_genres,genre_blues,genre
05_leakage_check,drop_n_genres,genre_hardcore,genre
05_leakage_check,strict_drop_both,Area_Method_of_Moments_Overall_Standard_Deviation_1,audio:Area_MoM
05_leakage_check,strict_drop_both,Area_Method_of_Moments_Overall_Standard_Deviation_2,audio:Area_MoM
05_leakage_check,strict_drop_both,Area_Method_of_Moments_Overall_Standard_Deviation_3,audio:Area_MoM
05_leakage_check,strict_drop_both,Area_Method_of_Moments_Overall_Standard_Deviation_4,audio:Area_MoM
05_leakage_check,strict_drop_both,Area_Method_of_Moments_Overall_Standard_Deviation_5,audio:Area_MoM
05_leakage_check,strict_drop_both,Area_Method_of_Moments_Overall_Standard_Deviation_6,audio:Area_MoM
05_leakage_check,strict_drop_both,Area_Method_of_Moments_Overall_Standard_Deviation_7,audio:Area_MoM
05_leakage_check,strict_drop_both,Area_Method_of_Moments_Overall_Standard_Deviation_8,audio:Area_MoM
05_leakage_check,strict_drop_both,Area_Method_of_Moments_Overall_Standard_Deviation_9,audio:Area_MoM
05_leakage_check,strict_drop_both,Area_Method_of_Moments_Overall_Standard_Deviation_10,audio:Area_MoM
05_leakage_check,strict_drop_both,Area_Method_of_Moments_Overall_Average_1,audio:Area_MoM
05_leakage_check,strict_drop_both,Area_Method_of_Moments_Overall_Average_2,audio:Area_MoM
05_leakage_check,strict_drop_both,Area_Method_of_Moments_Overall_Average_3,audio:Area_MoM
05_leakage_check,strict_drop_both,Area_Method_of_Moments_Overall_Average_4,audio:Area_MoM
05_leakage_check,strict_drop_both,Area_Method_of_Moments_Overall_Average_5,audio:Area_MoM
05_leakage_check,strict_drop_both,Area_Method_of_Moments_Overall_Average_6,audio:Area_MoM
05_leakage_check,strict_drop_both,Area_Method_of_Moments_Overall_Average_7,audio:Area_MoM
05_leakage_check,strict_drop_both,Area_Method_of_Moments_Overall_Average_8,audio:Area_MoM
05_leakage_check,strict_drop_both,Area_Method_of_Moments_Overall_Average_9,audio:Area_MoM
05_leakage_check,strict_drop_both,Area_Method_of_Moments_Overall_Average_10,audio:Area_MoM
05_leakage_check,strict_drop_both,LPC_Overall_Standard_Deviation_1,audio:LPC
05_leakage_check,strict_drop_both,LPC_Overall_Standard_Deviation_2,audio:LPC
05_leakage_check,strict_drop_both,LPC_Overall_Standard_Deviation_3,audio:LPC
05_leakage_check,strict_drop_both,LPC_Overall_Standard_Deviation_4,audio:LPC
05_leakage_check,strict_drop_both,LPC_Overall_Standard_Deviation_5,audio:LPC
05_leakage_check,strict_drop_both,LPC_Overall_Standard_Deviation_6,audio:LPC
05_leakage_check,strict_drop_both,LPC_Overall_Standard_Deviation_7,audio:LPC
05_leakage_check,strict_drop_both,LPC_Overall_Standard_Deviation_8,audio:LPC
05_leakage_check,strict_drop_both,LPC_Overall_Standard_Deviation_9,audio:LPC
05_leakage_check,strict_drop_both,LPC_Overall_Average_1,audio:LPC
05_leakage_check,strict_drop_both,LPC_Overall_Average_2,audio:LPC
05_leakage_check,strict_drop_both,LPC_Overall_Average_3,audio:LPC
05_leakage_check,strict_drop_both,LPC_Overall_Average_4,audio:LPC
05_leakage_check,strict_drop_both,LPC_Overall_Average_5,audio:LPC
05_leakage_check,strict_drop_both,LPC_Overall_Average_6,audio:LPC
05_leakage_check,strict_drop_both,LPC_Overall_Average_7,audio:LPC
05_leakage_check,strict_drop_both,LPC_Overall_Average_8,audio:LPC
05_leakage_check,strict_drop_both,LPC_Overall_Average_9,audio:LPC
05_leakage_check,strict_drop_both,Spectral_Centroid_Overall_Standard_Deviation_1,audio:lowlevel
05_leakage_check,strict_drop_both,Spectral_Rolloff_Point_Overall_Standard_Deviation_1,audio:lowlevel
05_leakage_check,strict_drop_both,Spectral_Flux_Overall_Standard_Deviation_1,audio:lowlevel
05_leakage_check,strict_drop_both,Compactness_Overall_Standard_Deviation_1,audio:lowlevel
05_leakage_check,strict_drop_both,Spectral_Variability_Overall_Standard_Deviation_1,audio:lowlevel
05_leakage_check,strict_drop_both,Root_Mean_Square_Overall_Standard_Deviation_1,audio:lowlevel
05_leakage_check,strict_drop_both,Fraction_Of_Low_Energy_Windows_Overall_Standard_Deviation_1,audio:lowlevel
05_leakage_check,strict_drop_both,Zero_Crossings_Overall_Standard_Deviation_1,audio:lowlevel
05_leakage_check,strict_drop_both,Spectral_Centroid_Overall_Average_1,audio:lowlevel
05_leakage_check,strict_drop_both,Spectral_Rolloff_Point_Overall_Average_1,audio:lowlevel
05_leakage_check,strict_drop_both,Spectral_Flux_Overall_Average_1,audio:lowlevel
05_leakage_check,strict_drop_both,Compactness_Overall_Average_1,audio:lowlevel
05_leakage_check,strict_drop_both,Spectral_Variability_Overall_Average_1,audio:lowlevel
05_leakage_check,strict_drop_both,Root_Mean_Square_Overall_Average_1,audio:lowlevel
05_leakage_check,strict_drop_both,Fraction_Of_Low_Energy_Windows_Overall_Average_1,audio:lowlevel
05_leakage_check,strict_drop_both,Zero_Crossings_Overall_Average_1,audio:lowlevel
05_leakage_check,strict_drop_both,Mean_Acc5_Mean_Mem20_ZeroCrossings_HopSize512_WinSize512_Sum_AudioCh0,audio:marsyas
05_leakage_check,strict_drop_both,Mean_Acc5_Mean_Mem20_Centroid_Power_powerFFT_WinHamming_HopSize512_WinSize512_Sum_AudioCh0,audio:marsyas
05_leakage_check,strict_drop_both,Mean_Acc5_Mean_Mem20_Rolloff_Power_powerFFT_WinHamming_HopSize512_WinSize512_Sum_AudioCh0,audio:marsyas
05_leakage_check,strict_drop_both,Mean_Acc5_Mean_Mem20_Flux_Power_powerFFT_WinHamming_HopSize512_WinSize512_Sum_AudioCh0,audio:marsyas
05_leakage_check,strict_drop_both,Mean_Acc5_Mean_Mem20_PeakRatio_Chroma_A_Power_powerFFT_WinHamming_HopSize512_WinSize512_Sum_AudioCh0,audio:marsyas
05_leakage_check,strict_drop_both,Mean_Acc5_Mean_Mem20_PeakRatio_Chroma_A#_Power_powerFFT_WinHamming_HopSize512_WinSize512_Sum_AudioCh0,audio:marsyas
05_leakage_check,strict_drop_both,Mean_Acc5_Mean_Mem20_PeakRatio_Chroma_B_Power_powerFFT_WinHamming_HopSize512_WinSize512_Sum_AudioCh0,audio:marsyas
05_leakage_check,strict_drop_both,Mean_Acc5_Mean_Mem20_PeakRatio_Chroma_C_Power_powerFFT_WinHamming_HopSize512_WinSize512_Sum_AudioCh0,audio:marsyas
05_leakage_check,strict_drop_both,Mean_Acc5_Mean_Mem20_PeakRatio_Chroma_C#_Power_powerFFT_WinHamming_HopSize512_WinSize512_Sum_AudioCh0,audio:marsyas
05_leakage_check,strict_drop_both,Mean_Acc5_Mean_Mem20_PeakRatio_Chroma_D_Power_powerFFT_WinHamming_HopSize512_WinSize512_Sum_AudioCh0,audio:marsyas
05_leakage_check,strict_drop_both,Mean_Acc5_Mean_Mem20_PeakRatio_Chroma_D#_Power_powerFFT_WinHamming_HopSize512_WinSize512_Sum_AudioCh0,audio:marsyas
05_leakage_check,strict_drop_both,Mean_Acc5_Mean_Mem20_PeakRatio_Chroma_E_Power_powerFFT_WinHamming_HopSize512_WinSize512_Sum_AudioCh0,audio:marsyas
05_leakage_check,strict_drop_both,Mean_Acc5_Mean_Mem20_PeakRatio_Chroma_F_Power_powerFFT_WinHamming_HopSize512_WinSize512_Sum_AudioCh0,audio:marsyas
05_leakage_check,strict_drop_both,Mean_Acc5_Mean_Mem20_PeakRatio_Chroma_F#_Power_powerFFT_WinHamming_HopSize512_WinSize512_Sum_AudioCh0,audio:marsyas
05_leakage_check,strict_drop_both,Mean_Acc5_Mean_Mem20_PeakRatio_Chroma_G_Power_powerFFT_WinHamming_HopSize512_WinSize512_Sum_AudioCh0,audio:marsyas
05_leakage_check,strict_drop_both,Mean_Acc5_Mean_Mem20_PeakRatio_Chroma_G#_Power_powerFFT_WinHamming_HopSize512_WinSize512_Sum_AudioCh0,audio:marsyas
05_leakage_check,strict_drop_both,Mean_Acc5_Mean_Mem20_PeakRatio_Average_Chroma_A_Power_powerFFT_WinHamming_HopSize512_WinSize512_Sum_AudioCh0,audio:marsyas
05_leakage_check,strict_drop_both,Mean_Acc5_Mean_Mem20_PeakRatio_Minimum_Chroma_A_Power_powerFFT_WinHamming_HopSize512_WinSize512_Sum_AudioCh0,audio:marsyas
05_leakage_check,strict_drop_both,Mean_Acc5_Std_Mem20_ZeroCrossings_HopSize512_WinSize512_Sum_AudioCh0,audio:marsyas
05_leakage_check,strict_drop_both,Mean_Acc5_Std_Mem20_Centroid_Power_powerFFT_WinHamming_HopSize512_WinSize512_Sum_AudioCh0,audio:marsyas
05_leakage_check,strict_drop_both,Mean_Acc5_Std_Mem20_Rolloff_Power_powerFFT_WinHamming_HopSize512_WinSize512_Sum_AudioCh0,audio:marsyas
05_leakage_check,strict_drop_both,Mean_Acc5_Std_Mem20_Flux_Power_powerFFT_WinHamming_HopSize512_WinSize512_Sum_AudioCh0,audio:marsyas
05_leakage_check,strict_drop_both,Mean_Acc5_Std_Mem20_PeakRatio_Chroma_A_Power_powerFFT_WinHamming_HopSize512_WinSize512_Sum_AudioCh0,audio:marsyas
05_leakage_check,strict_drop_both,Mean_Acc5_Std_Mem20_PeakRatio_Chroma_A#_Power_powerFFT_WinHamming_HopSize512_WinSize512_Sum_AudioCh0,audio:marsyas
05_leakage_check,strict_drop_both,Mean_Acc5_Std_Mem20_PeakRatio_Chroma_B_Power_powerFFT_WinHamming_HopSize512_WinSize512_Sum_AudioCh0,audio:marsyas
05_leakage_check,strict_drop_both,Mean_Acc5_Std_Mem20_PeakRatio_Chroma_C_Power_powerFFT_WinHamming_HopSize512_WinSize512_Sum_AudioCh0,audio:marsyas
05_leakage_check,strict_drop_both,Mean_Acc5_Std_Mem20_PeakRatio_Chroma_C#_Power_powerFFT_WinHamming_HopSize512_WinSize512_Sum_AudioCh0,audio:marsyas
05_leakage_check,strict_drop_both,Mean_Acc5_Std_Mem20_PeakRatio_Chroma_D_Power_powerFFT_WinHamming_HopSize512_WinSize512_Sum_AudioCh0,audio:marsyas
05_leakage_check,strict_drop_both,Mean_Acc5_Std_Mem20_PeakRatio_Chroma_D#_Power_powerFFT_WinHamming_HopSize512_WinSize512_Sum_AudioCh0,audio:marsyas
05_leakage_check,strict_drop_both,Mean_Acc5_Std_Mem20_PeakRatio_Chroma_E_Power_powerFFT_WinHamming_HopSize512_WinSize512_Sum_AudioCh0,audio:marsyas
05_leakage_check,strict_drop_both,Mean_Acc5_Std_Mem20_PeakRatio_Chroma_F_Power_powerFFT_WinHamming_HopSize512_WinSize512_Sum_AudioCh0,audio:marsyas
05_leakage_check,strict_drop_both,Mean_Acc5_Std_Mem20_PeakRatio_Chroma_F#_Power_powerFFT_WinHamming_HopSize512_WinSize512_Sum_AudioCh0,audio:marsyas
05_leakage_check,strict_drop_both,Mean_Acc5_Std_Mem20_PeakRatio_Chroma_G_Power_powerFFT_WinHamming_HopSize512_WinSize512_Sum_AudioCh0,audio:marsyas
05_leakage_check,strict_drop_both,Mean_Acc5_Std_Mem20_PeakRatio_Chroma_G#_Power_powerFFT_WinHamming_HopSize512_WinSize512_Sum_AudioCh0,audio:marsyas
05_leakage_check,strict_drop_both,Mean_Acc5_Std_Mem20_PeakRatio_Average_Chroma_A_Power_powerFFT_WinHamming_HopSize512_WinSize512_Sum_AudioCh0,audio:marsyas
05_leakage_check,strict_drop_both,Mean_Acc5_Std_Mem20_PeakRatio_Minimum_Chroma_A_Power_powerFFT_WinHamming_HopSize512_WinSize512_Sum_AudioCh0,audio:marsyas
05_leakage_check,strict_drop_both,Std_Acc5_Mean_Mem20_ZeroCrossings_HopSize512_WinSize512_Sum_AudioCh0,audio:marsyas
05_leakage_check,strict_drop_both,Std_Acc5_Mean_Mem20_Centroid_Power_powerFFT_WinHamming_HopSize512_WinSize512_Sum_AudioCh0,audio:marsyas
05_leakage_check,strict_drop_both,Std_Acc5_Mean_Mem20_Rolloff_Power_powerFFT_WinHamming_HopSize512_WinSize512_Sum_AudioCh0,audio:marsyas
05_leakage_check,strict_drop_both,Std_Acc5_Mean_Mem20_Flux_Power_powerFFT_WinHamming_HopSize512_WinSize512_Sum_AudioCh0,audio:marsyas
05_leakage_check,strict_drop_both,Std_Acc5_Mean_Mem20_PeakRatio_Chroma_A_Power_powerFFT_WinHamming_HopSize512_WinSize512_Sum_AudioCh0,audio:marsyas
05_leakage_check,strict_drop_both,Std_Acc5_Mean_Mem20_PeakRatio_Chroma_A#_Power_powerFFT_WinHamming_HopSize512_WinSize512_Sum_AudioCh0,audio:marsyas
05_leakage_check,strict_drop_both,Std_Acc5_Mean_Mem20_PeakRatio_Chroma_B_Power_powerFFT_WinHamming_HopSize512_WinSize512_Sum_AudioCh0,audio:marsyas
05_leakage_check,strict_drop_both,Std_Acc5_Mean_Mem20_PeakRatio_Chroma_C_Power_powerFFT_WinHamming_HopSize512_WinSize512_Sum_AudioCh0,audio:marsyas
05_leakage_check,strict_drop_both,Std_Acc5_Mean_Mem20_PeakRatio_Chroma_C#_Power_powerFFT_WinHamming_HopSize512_WinSize512_Sum_AudioCh0,audio:marsyas
05_leakage_check,strict_drop_both,Std_Acc5_Mean_Mem20_PeakRatio_Chroma_D_Power_powerFFT_WinHamming_HopSize512_WinSize512_Sum_AudioCh0,audio:marsyas
05_leakage_check,strict_drop_both,Std_Acc5_Mean_Mem20_PeakRatio_Chroma_D#_Power_powerFFT_WinHamming_HopSize512_WinSize512_Sum_AudioCh0,audio:marsyas
05_leakage_check,strict_drop_both,Std_Acc5_Mean_Mem20_PeakRatio_Chroma_E_Power_powerFFT_WinHamming_HopSize512_WinSize512_Sum_AudioCh0,audio:marsyas
05_leakage_check,strict_drop_both,Std_Acc5_Mean_Mem20_PeakRatio_Chroma_F_Power_powerFFT_WinHamming_HopSize512_WinSize512_Sum_AudioCh0,audio:marsyas
05_leakage_check,strict_drop_both,Std_Acc5_Mean_Mem20_PeakRatio_Chroma_F#_Power_powerFFT_WinHamming_HopSize512_WinSize512_Sum_AudioCh0,audio:marsyas
05_leakage_check,strict_drop_both,Std_Acc5_Mean_Mem20_PeakRatio_Chroma_G_Power_powerFFT_WinHamming_HopSize512_WinSize512_Sum_AudioCh0,audio:marsyas
05_leakage_check,strict_drop_both,Std_Acc5_Mean_Mem20_PeakRatio_Chroma_G#_Power_powerFFT_WinHamming_HopSize512_WinSize512_Sum_AudioCh0,audio:marsyas
05_leakage_check,strict_drop_both,Std_Acc5_Mean_Mem20_PeakRatio_Average_Chroma_A_Power_powerFFT_WinHamming_HopSize512_WinSize512_Sum_AudioCh0,audio:marsyas
05_leakage_check,strict_drop_both,Std_Acc5_Mean_Mem20_PeakRatio_Minimum_Chroma_A_Power_powerFFT_WinHamming_HopSize512_WinSize512_Sum_AudioCh0,audio:marsyas
05_leakage_check,strict_drop_both,Std_Acc5_Std_Mem20_ZeroCrossings_HopSize512_WinSize512_Sum_AudioCh0,audio:marsyas
05_leakage_check,strict_drop_both,Std_Acc5_Std_Mem20_Centroid_Power_powerFFT_WinHamming_HopSize512_WinSize512_Sum_AudioCh0,audio:marsyas
05_leakage_check,strict_drop_both,Std_Acc5_Std_Mem20_Rolloff_Power_powerFFT_WinHamming_HopSize512_WinSize512_Sum_AudioCh0,audio:marsyas
05_leakage_check,strict_drop_both,Std_Acc5_Std_Mem20_Flux_Power_powerFFT_WinHamming_HopSize512_WinSize512_Sum_AudioCh0,audio:marsyas
05_leakage_check,strict_drop_both,Std_Acc5_Std_Mem20_PeakRatio_Chroma_A_Power_powerFFT_WinHamming_HopSize512_WinSize512_Sum_AudioCh0,audio:marsyas
05_leakage_check,strict_drop_both,Std_Acc5_Std_Mem20_PeakRatio_Chroma_A#_Power_powerFFT_WinHamming_HopSize512_WinSize512_Sum_AudioCh0,audio:marsyas
05_leakage_check,strict_drop_both,Std_Acc5_Std_Mem20_PeakRatio_Chroma_B_Power_powerFFT_WinHamming_HopSize512_WinSize512_Sum_AudioCh0,audio:marsyas
05_leakage_check,strict_drop_both,Std_Acc5_Std_Mem20_PeakRatio_Chroma_C_Power_powerFFT_WinHamming_HopSize512_WinSize512_Sum_AudioCh0,audio:marsyas
05_leakage_check,strict_drop_both,Std_Acc5_Std_Mem20_PeakRatio_Chroma_C#_Power_powerFFT_WinHamming_HopSize512_WinSize512_Sum_AudioCh0,audio:marsyas
05_leakage_check,strict_drop_both,Std_Acc5_Std_Mem20_PeakRatio_Chroma_D_Power_powerFFT_WinHamming_HopSize512_WinSize512_Sum_AudioCh0,audio:marsyas
05_leakage_check,strict_drop_both,Std_Acc5_Std_Mem20_PeakRatio_Chroma_D#_Power_powerFFT_WinHamming_HopSize512_WinSize512_Sum_AudioCh0,audio:marsyas
05_leakage_check,strict_drop_both,Std_Acc5_Std_Mem20_PeakRatio_Chroma_E_Power_powerFFT_WinHamming_HopSize512_WinSize512_Sum_AudioCh0,audio:marsyas
05_leakage_check,strict_drop_both,Std_Acc5_Std_Mem20_PeakRatio_Chroma_F_Power_powerFFT_WinHamming_HopSize512_WinSize512_Sum_AudioCh0,audio:marsyas
05_leakage_check,strict_drop_both,Std_Acc5_Std_Mem20_PeakRatio_Chroma_F#_Power_powerFFT_WinHamming_HopSize512_WinSize512_Sum_AudioCh0,audio:marsyas
05_leakage_check,strict_drop_both,Std_Acc5_Std_Mem20_PeakRatio_Chroma_G_Power_powerFFT_WinHamming_HopSize512_WinSize512_Sum_AudioCh0,audio:marsyas
05_leakage_check,strict_drop_both,Std_Acc5_Std_Mem20_PeakRatio_Chroma_G#_Power_powerFFT_WinHamming_HopSize512_WinSize512_Sum_AudioCh0,audio:marsyas
05_leakage_check,strict_drop_both,Std_Acc5_Std_Mem20_PeakRatio_Average_Chroma_A_Power_powerFFT_WinHamming_HopSize512_WinSize512_Sum_AudioCh0,audio:marsyas
05_leakage_check,strict_drop_both,Std_Acc5_Std_Mem20_PeakRatio_Minimum_Chroma_A_Power_powerFFT_WinHamming_HopSize512_WinSize512_Sum_AudioCh0,audio:marsyas
05_leakage_check,strict_drop_both,MFCC_Overall_Standard_Deviation_1,audio:MFCC_simple
05_leakage_check,strict_drop_both,MFCC_Overall_Standard_Deviation_2,audio:MFCC_simple
05_leakage_check,strict_drop_both,MFCC_Overall_Standard_Deviation_3,audio:MFCC_simple
05_leakage_check,strict_drop_both,MFCC_Overall_Standard_Deviation_4,audio:MFCC_simple
05_leakage_check,strict_drop_both,MFCC_Overall_Standard_Deviation_5,audio:MFCC_simple
05_leakage_check,strict_drop_both,MFCC_Overall_Standard_Deviation_6,audio:MFCC_simple
05_leakage_check,strict_drop_both,MFCC_Overall_Standard_Deviation_7,audio:MFCC_simple
05_leakage_check,strict_drop_both,MFCC_Overall_Standard_Deviation_8,audio:MFCC_simple
05_leakage_check,strict_drop_both,MFCC_Overall_Standard_Deviation_9,audio:MFCC_simple
05_leakage_check,strict_drop_both,MFCC_Overall_Standard_Deviation_10,audio:MFCC_simple
05_leakage_check,strict_drop_both,MFCC_Overall_Standard_Deviation_11,audio:MFCC_simple
05_leakage_check,strict_drop_both,MFCC_Overall_Standard_Deviation_12,audio:MFCC_simple
05_leakage_check,strict_drop_both,MFCC_Overall_Standard_Deviation_13,audio:MFCC_simple
05_leakage_check,strict_drop_both,MFCC_Overall_Average_1,audio:MFCC_simple
05_leakage_check,strict_drop_both,MFCC_Overall_Average_2,audio:MFCC_simple
05_leakage_check,strict_drop_both,MFCC_Overall_Average_3,audio:MFCC_simple
05_leakage_check,strict_drop_both,MFCC_Overall_Average_4,audio:MFCC_simple
05_leakage_check,strict_drop_both,MFCC_Overall_Average_5,audio:MFCC_simple
05_leakage_check,strict_drop_both,MFCC_Overall_Average_6,audio:MFCC_simple
05_leakage_check,strict_drop_both,MFCC_Overall_Average_7,audio:MFCC_simple
05_leakage_check,strict_drop_both,MFCC_Overall_Average_8,audio:MFCC_simple
05_leakage_check,strict_drop_both,MFCC_Overall_Average_9,audio:MFCC_simple
05_leakage_check,strict_drop_both,MFCC_Overall_Average_10,audio:MFCC_simple
05_leakage_check,strict_drop_both,MFCC_Overall_Average_11,audio:MFCC_simple
05_leakage_check,strict_drop_both,MFCC_Overall_Average_12,audio:MFCC_simple
05_leakage_check,strict_drop_both,MFCC_Overall_Average_13,audio:MFCC_simple
05_leakage_check,strict_drop_both,year_mean,numeric
05_leakage_check,strict_drop_both,duration_mean,numeric
05_leakage_check,strict_drop_both,year_known_ratio,numeric
05_leakage_check,strict_drop_both,genre_rock,genre
05_leakage_check,strict_drop_both,genre_electronic,genre
05_leakage_check,strict_drop_both,genre_pop,genre
05_leakage_check,strict_drop_both,genre_alternative rock,genre
05_leakage_check,strict_drop_both,genre_hip hop,genre
05_leakage_check,strict_drop_both,genre_united states,genre
05_leakage_check,strict_drop_both,genre_house,genre
05_leakage_check,strict_drop_both,genre_jazz,genre
05_leakage_check,strict_drop_both,genre_alternative,genre
05_leakage_check,strict_drop_both,genre_indie,genre
05_leakage_check,strict_drop_both,genre_electro,genre
05_leakage_check,strict_drop_both,genre_indie rock,genre
05_leakage_check,strict_drop_both,genre_experimental,genre
05_leakage_check,strict_drop_both,genre_pop rock,genre
05_leakage_check,strict_drop_both,genre_punk,genre
05_leakage_check,strict_drop_both,genre_techno,genre
05_leakage_check,strict_drop_both,genre_folk,genre
05_leakage_check,strict_drop_both,genre_downtempo,genre
05_leakage_check,strict_drop_both,genre_ambient,genre
05_leakage_check,strict_drop_both,genre_soul,genre
05_leakage_check,strict_drop_both,genre_germany,genre
05_leakage_check,strict_drop_both,genre_electronica,genre
05_leakage_check,strict_drop_both,genre_disco,genre
05_leakage_check,strict_drop_both,genre_american,genre
05_leakage_check,strict_drop_both,genre_trance,genre
05_leakage_check,strict_drop_both,genre_synthpop,genre
05_leakage_check,strict_drop_both,genre_funk,genre
05_leakage_check,strict_drop_both,genre_world,genre
05_leakage_check,strict_drop_both,genre_blues,genre
05_leakage_check,strict_drop_both,genre_hardcore,genre
05_leakage_check,drop_year_known_ratio,Area_Method_of_Moments_Overall_Standard_Deviation_1,audio:Area_MoM
05_leakage_check,drop_year_known_ratio,Area_Method_of_Moments_Overall_Standard_Deviation_2,audio:Area_MoM
05_leakage_check,drop_year_known_ratio,Area_Method_of_Moments_Overall_Standard_Deviation_3,audio:Area_MoM
05_leakage_check,drop_year_known_ratio,Area_Method_of_Moments_Overall_Standard_Deviation_4,audio:Area_MoM
05_leakage_check,drop_year_known_ratio,Area_Method_of_Moments_Overall_Standard_Deviation_5,audio:Area_MoM
05_leakage_check,drop_year_known_ratio,Area_Method_of_Moments_Overall_Standard_Deviation_6,audio:Area_MoM
05_leakage_check,drop_year_known_ratio,Area_Method_of_Moments_Overall_Standard_Deviation_7,audio:Area_MoM
05_leakage_check,drop_year_known_ratio,Area_Method_of_Moments_Overall_Standard_Deviation_8,audio:Area_MoM
05_leakage_check,drop_year_known_ratio,Area_Method_of_Moments_Overall_Standard_Deviation_9,audio:Area_MoM
05_leakage_check,drop_year_known_ratio,Area_Method_of_Moments_Overall_Standard_Deviation_10,audio:Area_MoM
05_leakage_check,drop_year_known_ratio,Area_Method_of_Moments_Overall_Average_1,audio:Area_MoM
05_leakage_check,drop_year_known_ratio,Area_Method_of_Moments_Overall_Average_2,audio:Area_MoM
05_leakage_check,drop_year_known_ratio,Area_Method_of_Moments_Overall_Average_3,audio:Area_MoM
05_leakage_check,drop_year_known_ratio,Area_Method_of_Moments_Overall_Average_4,audio:Area_MoM
05_leakage_check,drop_year_known_ratio,Area_Method_of_Moments_Overall_Average_5,audio:Area_MoM
05_leakage_check,drop_year_known_ratio,Area_Method_of_Moments_Overall_Average_6,audio:Area_MoM
05_leakage_check,drop_year_known_ratio,Area_Method_of_Moments_Overall_Average_7,audio:Area_MoM
05_leakage_check,drop_year_known_ratio,Area_Method_of_Moments_Overall_Average_8,audio:Area_MoM
05_leakage_check,drop_year_known_ratio,Area_Method_of_Moments_Overall_Average_9,audio:Area_MoM
05_leakage_check,drop_year_known_ratio,Area_Method_of_Moments_Overall_Average_10,audio:Area_MoM
05_leakage_check,drop_year_known_ratio,LPC_Overall_Standard_Deviation_1,audio:LPC
05_leakage_check,drop_year_known_ratio,LPC_Overall_Standard_Deviation_2,audio:LPC
05_leakage_check,drop_year_known_ratio,LPC_Overall_Standard_Deviation_3,audio:LPC
05_leakage_check,drop_year_known_ratio,LPC_Overall_Standard_Deviation_4,audio:LPC
05_leakage_check,drop_year_known_ratio,LPC_Overall_Standard_Deviation_5,audio:LPC
05_leakage_check,drop_year_known_ratio,LPC_Overall_Standard_Deviation_6,audio:LPC
05_leakage_check,drop_year_known_ratio,LPC_Overall_Standard_Deviation_7,audio:LPC
05_leakage_check,drop_year_known_ratio,LPC_Overall_Standard_Deviation_8,audio:LPC
05_leakage_check,drop_year_known_ratio,LPC_Overall_Standard_Deviation_9,audio:LPC
05_leakage_check,drop_year_known_ratio,LPC_Overall_Average_1,audio:LPC
05_leakage_check,drop_year_known_ratio,LPC_Overall_Average_2,audio:LPC
05_leakage_check,drop_year_known_ratio,LPC_Overall_Average_3,audio:LPC
05_leakage_check,drop_year_known_ratio,LPC_Overall_Average_4,audio:LPC
05_leakage_check,drop_year_known_ratio,LPC_Overall_Average_5,audio:LPC
05_leakage_check,drop_year_known_ratio,LPC_Overall_Average_6,audio:LPC
05_leakage_check,drop_year_known_ratio,LPC_Overall_Average_7,audio:LPC
05_leakage_check,drop_year_known_ratio,LPC_Overall_Average_8,audio:LPC
05_leakage_check,drop_year_known_ratio,LPC_Overall_Average_9,audio:LPC
05_leakage_check,drop_year_known_ratio,Spectral_Centroid_Overall_Standard_Deviation_1,audio:lowlevel
05_leakage_check,drop_year_known_ratio,Spectral_Rolloff_Point_Overall_Standard_Deviation_1,audio:lowlevel
05_leakage_check,drop_year_known_ratio,Spectral_Flux_Overall_Standard_Deviation_1,audio:lowlevel
05_leakage_check,drop_year_known_ratio,Compactness_Overall_Standard_Deviation_1,audio:lowlevel
05_leakage_check,drop_year_known_ratio,Spectral_Variability_Overall_Standard_Deviation_1,audio:lowlevel
05_leakage_check,drop_year_known_ratio,Root_Mean_Square_Overall_Standard_Deviation_1,audio:lowlevel
05_leakage_check,drop_year_known_ratio,Fraction_Of_Low_Energy_Windows_Overall_Standard_Deviation_1,audio:lowlevel
05_leakage_check,drop_year_known_ratio,Zero_Crossings_Overall_Standard_Deviation_1,audio:lowlevel
05_leakage_check,drop_year_known_ratio,Spectral_Centroid_Overall_Average_1,audio:lowlevel
05_leakage_check,drop_year_known_ratio,Spectral_Rolloff_Point_Overall_Average_1,audio:lowlevel
05_leakage_check,drop_year_known_ratio,Spectral_Flux_Overall_Average_1,audio:lowlevel
05_leakage_check,drop_year_known_ratio,Compactness_Overall_Average_1,audio:lowlevel
05_leakage_check,drop_year_known_ratio,Spectral_Variability_Overall_Average_1,audio:lowlevel
05_leakage_check,drop_year_known_ratio,Root_Mean_Square_Overall_Average_1,audio:lowlevel
05_leakage_check,drop_year_known_ratio,Fraction_Of_Low_Energy_Windows_Overall_Average_1,audio:lowlevel
05_leakage_check,drop_year_known_ratio,Zero_Crossings_Overall_Average_1,audio:lowlevel
05_leakage_check,drop_year_known_ratio,Mean_Acc5_Mean_Mem20_ZeroCrossings_HopSize512_WinSize512_Sum_AudioCh0,audio:marsyas
05_leakage_check,drop_year_known_ratio,Mean_Acc5_Mean_Mem20_Centroid_Power_powerFFT_WinHamming_HopSize512_WinSize512_Sum_AudioCh0,audio:marsyas
05_leakage_check,drop_year_known_ratio,Mean_Acc5_Mean_Mem20_Rolloff_Power_powerFFT_WinHamming_HopSize512_WinSize512_Sum_AudioCh0,audio:marsyas
05_leakage_check,drop_year_known_ratio,Mean_Acc5_Mean_Mem20_Flux_Power_powerFFT_WinHamming_HopSize512_WinSize512_Sum_AudioCh0,audio:marsyas
05_leakage_check,drop_year_known_ratio,Mean_Acc5_Mean_Mem20_PeakRatio_Chroma_A_Power_powerFFT_WinHamming_HopSize512_WinSize512_Sum_AudioCh0,audio:marsyas
05_leakage_check,drop_year_known_ratio,Mean_Acc5_Mean_Mem20_PeakRatio_Chroma_A#_Power_powerFFT_WinHamming_HopSize512_WinSize512_Sum_AudioCh0,audio:marsyas
05_leakage_check,drop_year_known_ratio,Mean_Acc5_Mean_Mem20_PeakRatio_Chroma_B_Power_powerFFT_WinHamming_HopSize512_WinSize512_Sum_AudioCh0,audio:marsyas
05_leakage_check,drop_year_known_ratio,Mean_Acc5_Mean_Mem20_PeakRatio_Chroma_C_Power_powerFFT_WinHamming_HopSize512_WinSize512_Sum_AudioCh0,audio:marsyas
05_leakage_check,drop_year_known_ratio,Mean_Acc5_Mean_Mem20_PeakRatio_Chroma_C#_Power_powerFFT_WinHamming_HopSize512_WinSize512_Sum_AudioCh0,audio:marsyas
05_leakage_check,drop_year_known_ratio,Mean_Acc5_Mean_Mem20_PeakRatio_Chroma_D_Power_powerFFT_WinHamming_HopSize512_WinSize512_Sum_AudioCh0,audio:marsyas
05_leakage_check,drop_year_known_ratio,Mean_Acc5_Mean_Mem20_PeakRatio_Chroma_D#_Power_powerFFT_WinHamming_HopSize512_WinSize512_Sum_AudioCh0,audio:marsyas
05_leakage_check,drop_year_known_ratio,Mean_Acc5_Mean_Mem20_PeakRatio_Chroma_E_Power_powerFFT_WinHamming_HopSize512_WinSize512_Sum_AudioCh0,audio:marsyas
05_leakage_check,drop_year_known_ratio,Mean_Acc5_Mean_Mem20_PeakRatio_Chroma_F_Power_powerFFT_WinHamming_HopSize512_WinSize512_Sum_AudioCh0,audio:marsyas
05_leakage_check,drop_year_known_ratio,Mean_Acc5_Mean_Mem20_PeakRatio_Chroma_F#_Power_powerFFT_WinHamming_HopSize512_WinSize512_Sum_AudioCh0,audio:marsyas
05_leakage_check,drop_year_known_ratio,Mean_Acc5_Mean_Mem20_PeakRatio_Chroma_G_Power_powerFFT_WinHamming_HopSize512_WinSize512_Sum_AudioCh0,audio:marsyas
05_leakage_check,drop_year_known_ratio,Mean_Acc5_Mean_Mem20_PeakRatio_Chroma_G#_Power_powerFFT_WinHamming_HopSize512_WinSize512_Sum_AudioCh0,audio:marsyas
05_leakage_check,drop_year_known_ratio,Mean_Acc5_Mean_Mem20_PeakRatio_Average_Chroma_A_Power_powerFFT_WinHamming_HopSize512_WinSize512_Sum_AudioCh0,audio:marsyas
05_leakage_check,drop_year_known_ratio,Mean_Acc5_Mean_Mem20_PeakRatio_Minimum_Chroma_A_Power_powerFFT_WinHamming_HopSize512_WinSize512_Sum_AudioCh0,audio:marsyas
05_leakage_check,drop_year_known_ratio,Mean_Acc5_Std_Mem20_ZeroCrossings_HopSize512_WinSize512_Sum_AudioCh0,audio:marsyas
05_leakage_check,drop_year_known_ratio,Mean_Acc5_Std_Mem20_Centroid_Power_powerFFT_WinHamming_HopSize512_WinSize512_Sum_AudioCh0,audio:marsyas
05_leakage_check,drop_year_known_ratio,Mean_Acc5_Std_Mem20_Rolloff_Power_powerFFT_WinHamming_HopSize512_WinSize512_Sum_AudioCh0,audio:marsyas
05_leakage_check,drop_year_known_ratio,Mean_Acc5_Std_Mem20_Flux_Power_powerFFT_WinHamming_HopSize512_WinSize512_Sum_AudioCh0,audio:marsyas
05_leakage_check,drop_year_known_ratio,Mean_Acc5_Std_Mem20_PeakRatio_Chroma_A_Power_powerFFT_WinHamming_HopSize512_WinSize512_Sum_AudioCh0,audio:marsyas
05_leakage_check,drop_year_known_ratio,Mean_Acc5_Std_Mem20_PeakRatio_Chroma_A#_Power_powerFFT_WinHamming_HopSize512_WinSize512_Sum_AudioCh0,audio:marsyas
05_leakage_check,drop_year_known_ratio,Mean_Acc5_Std_Mem20_PeakRatio_Chroma_B_Power_powerFFT_WinHamming_HopSize512_WinSize512_Sum_AudioCh0,audio:marsyas
05_leakage_check,drop_year_known_ratio,Mean_Acc5_Std_Mem20_PeakRatio_Chroma_C_Power_powerFFT_WinHamming_HopSize512_WinSize512_Sum_AudioCh0,audio:marsyas
05_leakage_check,drop_year_known_ratio,Mean_Acc5_Std_Mem20_PeakRatio_Chroma_C#_Power_powerFFT_WinHamming_HopSize512_WinSize512_Sum_AudioCh0,audio:marsyas
05_leakage_check,drop_year_known_ratio,Mean_Acc5_Std_Mem20_PeakRatio_Chroma_D_Power_powerFFT_WinHamming_HopSize512_WinSize512_Sum_AudioCh0,audio:marsyas
05_leakage_check,drop_year_known_ratio,Mean_Acc5_Std_Mem20_PeakRatio_Chroma_D#_Power_powerFFT_WinHamming_HopSize512_WinSize512_Sum_AudioCh0,audio:marsyas
05_leakage_check,drop_year_known_ratio,Mean_Acc5_Std_Mem20_PeakRatio_Chroma_E_Power_powerFFT_WinHamming_HopSize512_WinSize512_Sum_AudioCh0,audio:marsyas
05_leakage_check,drop_year_known_ratio,Mean_Acc5_Std_Mem20_PeakRatio_Chroma_F_Power_powerFFT_WinHamming_HopSize512_WinSize512_Sum_AudioCh0,audio:marsyas
05_leakage_check,drop_year_known_ratio,Mean_Acc5_Std_Mem20_PeakRatio_Chroma_F#_Power_powerFFT_WinHamming_HopSize512_WinSize512_Sum_AudioCh0,audio:marsyas
05_leakage_check,drop_year_known_ratio,Mean_Acc5_Std_Mem20_PeakRatio_Chroma_G_Power_powerFFT_WinHamming_HopSize512_WinSize512_Sum_AudioCh0,audio:marsyas
05_leakage_check,drop_year_known_ratio,Mean_Acc5_Std_Mem20_PeakRatio_Chroma_G#_Power_powerFFT_WinHamming_HopSize512_WinSize512_Sum_AudioCh0,audio:marsyas
05_leakage_check,drop_year_known_ratio,Mean_Acc5_Std_Mem20_PeakRatio_Average_Chroma_A_Power_powerFFT_WinHamming_HopSize512_WinSize512_Sum_AudioCh0,audio:marsyas
05_leakage_check,drop_year_known_ratio,Mean_Acc5_Std_Mem20_PeakRatio_Minimum_Chroma_A_Power_powerFFT_WinHamming_HopSize512_WinSize512_Sum_AudioCh0,audio:marsyas
05_leakage_check,drop_year_known_ratio,Std_Acc5_Mean_Mem20_ZeroCrossings_HopSize512_WinSize512_Sum_AudioCh0,audio:marsyas
05_leakage_check,drop_year_known_ratio,Std_Acc5_Mean_Mem20_Centroid_Power_powerFFT_WinHamming_HopSize512_WinSize512_Sum_AudioCh0,audio:marsyas
05_leakage_check,drop_year_known_ratio,Std_Acc5_Mean_Mem20_Rolloff_Power_powerFFT_WinHamming_HopSize512_WinSize512_Sum_AudioCh0,audio:marsyas
05_leakage_check,drop_year_known_ratio,Std_Acc5_Mean_Mem20_Flux_Power_powerFFT_WinHamming_HopSize512_WinSize512_Sum_AudioCh0,audio:marsyas
05_leakage_check,drop_year_known_ratio,Std_Acc5_Mean_Mem20_PeakRatio_Chroma_A_Power_powerFFT_WinHamming_HopSize512_WinSize512_Sum_AudioCh0,audio:marsyas
05_leakage_check,drop_year_known_ratio,Std_Acc5_Mean_Mem20_PeakRatio_Chroma_A#_Power_powerFFT_WinHamming_HopSize512_WinSize512_Sum_AudioCh0,audio:marsyas
05_leakage_check,drop_year_known_ratio,Std_Acc5_Mean_Mem20_PeakRatio_Chroma_B_Power_powerFFT_WinHamming_HopSize512_WinSize512_Sum_AudioCh0,audio:marsyas
05_leakage_check,drop_year_known_ratio,Std_Acc5_Mean_Mem20_PeakRatio_Chroma_C_Power_powerFFT_WinHamming_HopSize512_WinSize512_Sum_AudioCh0,audio:marsyas
05_leakage_check,drop_year_known_ratio,Std_Acc5_Mean_Mem20_PeakRatio_Chroma_C#_Power_powerFFT_WinHamming_HopSize512_WinSize512_Sum_AudioCh0,audio:marsyas
05_leakage_check,drop_year_known_ratio,Std_Acc5_Mean_Mem20_PeakRatio_Chroma_D_Power_powerFFT_WinHamming_HopSize512_WinSize512_Sum_AudioCh0,audio:marsyas
05_leakage_check,drop_year_known_ratio,Std_Acc5_Mean_Mem20_PeakRatio_Chroma_D#_Power_powerFFT_WinHamming_HopSize512_WinSize512_Sum_AudioCh0,audio:marsyas
05_leakage_check,drop_year_known_ratio,Std_Acc5_Mean_Mem20_PeakRatio_Chroma_E_Power_powerFFT_WinHamming_HopSize512_WinSize512_Sum_AudioCh0,audio:marsyas
05_leakage_check,drop_year_known_ratio,Std_Acc5_Mean_Mem20_PeakRatio_Chroma_F_Power_powerFFT_WinHamming_HopSize512_WinSize512_Sum_AudioCh0,audio:marsyas
05_leakage_check,drop_year_known_ratio,Std_Acc5_Mean_Mem20_PeakRatio_Chroma_F#_Power_powerFFT_WinHamming_HopSize512_WinSize512_Sum_AudioCh0,audio:marsyas
05_leakage_check,drop_year_known_ratio,Std_Acc5_Mean_Mem20_PeakRatio_Chroma_G_Power_powerFFT_WinHamming_HopSize512_WinSize512_Sum_AudioCh0,audio:marsyas
05_leakage_check,drop_year_known_ratio,Std_Acc5_Mean_Mem20_PeakRatio_Chroma_G#_Power_powerFFT_WinHamming_HopSize512_WinSize512_Sum_AudioCh0,audio:marsyas
05_leakage_check,drop_year_known_ratio,Std_Acc5_Mean_Mem20_PeakRatio_Average_Chroma_A_Power_powerFFT_WinHamming_HopSize512_WinSize512_Sum_AudioCh0,audio:marsyas
05_leakage_check,drop_year_known_ratio,Std_Acc5_Mean_Mem20_PeakRatio_Minimum_Chroma_A_Power_powerFFT_WinHamming_HopSize512_WinSize512_Sum_AudioCh0,audio:marsyas
05_leakage_check,drop_year_known_ratio,Std_Acc5_Std_Mem20_ZeroCrossings_HopSize512_WinSize512_Sum_AudioCh0,audio:marsyas
05_leakage_check,drop_year_known_ratio,Std_Acc5_Std_Mem20_Centroid_Power_powerFFT_WinHamming_HopSize512_WinSize512_Sum_AudioCh0,audio:marsyas
05_leakage_check,drop_year_known_ratio,Std_Acc5_Std_Mem20_Rolloff_Power_powerFFT_WinHamming_HopSize512_WinSize512_Sum_AudioCh0,audio:marsyas
05_leakage_check,drop_year_known_ratio,Std_Acc5_Std_Mem20_Flux_Power_powerFFT_WinHamming_HopSize512_WinSize512_Sum_AudioCh0,audio:marsyas
05_leakage_check,drop_year_known_ratio,Std_Acc5_Std_Mem20_PeakRatio_Chroma_A_Power_powerFFT_WinHamming_HopSize512_WinSize512_Sum_AudioCh0,audio:marsyas
05_leakage_check,drop_year_known_ratio,Std_Acc5_Std_Mem20_PeakRatio_Chroma_A#_Power_powerFFT_WinHamming_HopSize512_WinSize512_Sum_AudioCh0,audio:marsyas
05_leakage_check,drop_year_known_ratio,Std_Acc5_Std_Mem20_PeakRatio_Chroma_B_Power_powerFFT_WinHamming_HopSize512_WinSize512_Sum_AudioCh0,audio:marsyas
05_leakage_check,drop_year_known_ratio,Std_Acc5_Std_Mem20_PeakRatio_Chroma_C_Power_powerFFT_WinHamming_HopSize512_WinSize512_Sum_AudioCh0,audio:marsyas
05_leakage_check,drop_year_known_ratio,Std_Acc5_Std_Mem20_PeakRatio_Chroma_C#_Power_powerFFT_WinHamming_HopSize512_WinSize512_Sum_AudioCh0,audio:marsyas
05_leakage_check,drop_year_known_ratio,Std_Acc5_Std_Mem20_PeakRatio_Chroma_D_Power_powerFFT_WinHamming_HopSize512_WinSize512_Sum_AudioCh0,audio:marsyas
05_leakage_check,drop_year_known_ratio,Std_Acc5_Std_Mem20_PeakRatio_Chroma_D#_Power_powerFFT_WinHamming_HopSize512_WinSize512_Sum_AudioCh0,audio:marsyas
05_leakage_check,drop_year_known_ratio,Std_Acc5_Std_Mem20_PeakRatio_Chroma_E_Power_powerFFT_WinHamming_HopSize512_WinSize512_Sum_AudioCh0,audio:marsyas
05_leakage_check,drop_year_known_ratio,Std_Acc5_Std_Mem20_PeakRatio_Chroma_F_Power_powerFFT_WinHamming_HopSize512_WinSize512_Sum_AudioCh0,audio:marsyas
05_leakage_check,drop_year_known_ratio,Std_Acc5_Std_Mem20_PeakRatio_Chroma_F#_Power_powerFFT_WinHamming_HopSize512_WinSize512_Sum_AudioCh0,audio:marsyas
05_leakage_check,drop_year_known_ratio,Std_Acc5_Std_Mem20_PeakRatio_Chroma_G_Power_powerFFT_WinHamming_HopSize512_WinSize512_Sum_AudioCh0,audio:marsyas
05_leakage_check,drop_year_known_ratio,Std_Acc5_Std_Mem20_PeakRatio_Chroma_G#_Power_powerFFT_WinHamming_HopSize512_WinSize512_Sum_AudioCh0,audio:marsyas
05_leakage_check,drop_year_known_ratio,Std_Acc5_Std_Mem20_PeakRatio_Average_Chroma_A_Power_powerFFT_WinHamming_HopSize512_WinSize512_Sum_AudioCh0,audio:marsyas
05_leakage_check,drop_year_known_ratio,Std_Acc5_Std_Mem20_PeakRatio_Minimum_Chroma_A_Power_powerFFT_WinHamming_HopSize512_WinSize512_Sum_AudioCh0,audio:marsyas
05_leakage_check,drop_year_known_ratio,MFCC_Overall_Standard_Deviation_1,audio:MFCC_simple
05_leakage_check,drop_year_known_ratio,MFCC_Overall_Standard_Deviation_2,audio:MFCC_simple
05_leakage_check,drop_year_known_ratio,MFCC_Overall_Standard_Deviation_3,audio:MFCC_simple
05_leakage_check,drop_year_known_ratio,MFCC_Overall_Standard_Deviation_4,audio:MFCC_simple
05_leakage_check,drop_year_known_ratio,MFCC_Overall_Standard_Deviation_5,audio:MFCC_simple
05_leakage_check,drop_year_known_ratio,MFCC_Overall_Standard_Deviation_6,audio:MFCC_simple
05_leakage_check,drop_year_known_ratio,MFCC_Overall_Standard_Deviation_7,audio:MFCC_simple
05_leakage_check,drop_year_known_ratio,MFCC_Overall_Standard_Deviation_8,audio:MFCC_simple
05_leakage_check,drop_year_known_ratio,MFCC_Overall_Standard_Deviation_9,audio:MFCC_simple
05_leakage_check,drop_year_known_ratio,MFCC_Overall_Standard_Deviation_10,audio:MFCC_simple
05_leakage_check,drop_year_known_ratio,MFCC_Overall_Standard_Deviation_11,audio:MFCC_simple
05_leakage_check,drop_year_known_ratio,MFCC_Overall_Standard_Deviation_12,audio:MFCC_simple
05_leakage_check,drop_year_known_ratio,MFCC_Overall_Standard_Deviation_13,audio:MFCC_simple
05_leakage_check,drop_year_known_ratio,MFCC_Overall_Average_1,audio:MFCC_simple
05_leakage_check,drop_year_known_ratio,MFCC_Overall_Average_2,audio:MFCC_simple
05_leakage_check,drop_year_known_ratio,MFCC_Overall_Average_3,audio:MFCC_simple
05_leakage_check,drop_year_known_ratio,MFCC_Overall_Average_4,audio:MFCC_simple
05_leakage_check,drop_year_known_ratio,MFCC_Overall_Average_5,audio:MFCC_simple
05_leakage_check,drop_year_known_ratio,MFCC_Overall_Average_6,audio:MFCC_simple
05_leakage_check,drop_year_known_ratio,MFCC_Overall_Average_7,audio:MFCC_simple
05_leakage_check,drop_year_known_ratio,MFCC_Overall_Average_8,audio:MFCC_simple
05_leakage_check,drop_year_known_ratio,MFCC_Overall_Average_9,audio:MFCC_simple
05_leakage_check,drop_year_known_ratio,MFCC_Overall_Average_10,audio:MFCC_simple
05_leakage_check,drop_year_known_ratio,MFCC_Overall_Average_11,audio:MFCC_simple
05_leakage_check,drop_year_known_ratio,MFCC_Overall_Average_12,audio:MFCC_simple
05_leakage_check,drop_year_known_ratio,MFCC_Overall_Average_13,audio:MFCC_simple
05_leakage_check,drop_year_known_ratio,year_mean,numeric
05_leakage_check,drop_year_known_ratio,duration_mean,numeric
05_leakage_check,drop_year_known_ratio,genre_rock,genre
05_leakage_check,drop_year_known_ratio,genre_electronic,genre
05_leakage_check,drop_year_known_ratio,genre_pop,genre
05_leakage_check,drop_year_known_ratio,genre_alternative rock,genre
05_leakage_check,drop_year_known_ratio,genre_hip hop,genre
05_leakage_check,drop_year_known_ratio,genre_united states,genre
05_leakage_check,drop_year_known_ratio,genre_house,genre
05_leakage_check,drop_year_known_ratio,genre_jazz,genre
05_leakage_check,drop_year_known_ratio,genre_alternative,genre
05_leakage_check,drop_year_known_ratio,genre_indie,genre
05_leakage_check,drop_year_known_ratio,genre_electro,genre
05_leakage_check,drop_year_known_ratio,genre_indie rock,genre
05_leakage_check,drop_year_known_ratio,genre_experimental,genre
05_leakage_check,drop_year_known_ratio,genre_pop rock,genre
05_leakage_check,drop_year_known_ratio,genre_punk,genre
05_leakage_check,drop_year_known_ratio,genre_techno,genre
05_leakage_check,drop_year_known_ratio,genre_folk,genre
05_leakage_check,drop_year_known_ratio,genre_downtempo,genre
05_leakage_check,drop_year_known_ratio,genre_ambient,genre
05_leakage_check,drop_year_known_ratio,genre_soul,genre
05_leakage_check,drop_year_known_ratio,genre_germany,genre
05_leakage_check,drop_year_known_ratio,genre_electronica,genre
05_leakage_check,drop_year_known_ratio,genre_disco,genre
05_leakage_check,drop_year_known_ratio,genre_american,genre
05_leakage_check,drop_year_known_ratio,genre_trance,genre
05_leakage_check,drop_year_known_ratio,genre_synthpop,genre
05_leakage_check,drop_year_known_ratio,genre_funk,genre
05_leakage_check,drop_year_known_ratio,genre_world,genre
05_leakage_check,drop_year_known_ratio,genre_blues,genre
05_leakage_check,drop_year_known_ratio,genre_hardcore,genre
05_leakage_check,audio_plus_genre,Area_Method_of_Moments_Overall_Standard_Deviation_1,audio:Area_MoM
05_leakage_check,audio_plus_genre,Area_Method_of_Moments_Overall_Standard_Deviation_2,audio:Area_MoM
05_leakage_check,audio_plus_genre,Area_Method_of_Moments_Overall_Standard_Deviation_3,audio:Area_MoM
05_leakage_check,audio_plus_genre,Area_Method_of_Moments_Overall_Standard_Deviation_4,audio:Area_MoM
05_leakage_check,audio_plus_genre,Area_Method_of_Moments_Overall_Standard_Deviation_5,audio:Area_MoM
05_leakage_check,audio_plus_genre,Area_Method_of_Moments_Overall_Standard_Deviation_6,audio:Area_MoM
05_leakage_check,audio_plus_genre,Area_Method_of_Moments_Overall_Standard_Deviation_7,audio:Area_MoM
05_leakage_check,audio_plus_genre,Area_Method_of_Moments_Overall_Standard_Deviation_8,audio:Area_MoM
05_leakage_check,audio_plus_genre,Area_Method_of_Moments_Overall_Standard_Deviation_9,audio:Area_MoM
05_leakage_check,audio_plus_genre,Area_Method_of_Moments_Overall_Standard_Deviation_10,audio:Area_MoM
05_leakage_check,audio_plus_genre,Area_Method_of_Moments_Overall_Average_1,audio:Area_MoM
05_leakage_check,audio_plus_genre,Area_Method_of_Moments_Overall_Average_2,audio:Area_MoM
05_leakage_check,audio_plus_genre,Area_Method_of_Moments_Overall_Average_3,audio:Area_MoM
05_leakage_check,audio_plus_genre,Area_Method_of_Moments_Overall_Average_4,audio:Area_MoM
05_leakage_check,audio_plus_genre,Area_Method_of_Moments_Overall_Average_5,audio:Area_MoM
05_leakage_check,audio_plus_genre,Area_Method_of_Moments_Overall_Average_6,audio:Area_MoM
05_leakage_check,audio_plus_genre,Area_Method_of_Moments_Overall_Average_7,audio:Area_MoM
05_leakage_check,audio_plus_genre,Area_Method_of_Moments_Overall_Average_8,audio:Area_MoM
05_leakage_check,audio_plus_genre,Area_Method_of_Moments_Overall_Average_9,audio:Area_MoM
05_leakage_check,audio_plus_genre,Area_Method_of_Moments_Overall_Average_10,audio:Area_MoM
05_leakage_check,audio_plus_genre,LPC_Overall_Standard_Deviation_1,audio:LPC
05_leakage_check,audio_plus_genre,LPC_Overall_Standard_Deviation_2,audio:LPC
05_leakage_check,audio_plus_genre,LPC_Overall_Standard_Deviation_3,audio:LPC
05_leakage_check,audio_plus_genre,LPC_Overall_Standard_Deviation_4,audio:LPC
05_leakage_check,audio_plus_genre,LPC_Overall_Standard_Deviation_5,audio:LPC
05_leakage_check,audio_plus_genre,LPC_Overall_Standard_Deviation_6,audio:LPC
05_leakage_check,audio_plus_genre,LPC_Overall_Standard_Deviation_7,audio:LPC
05_leakage_check,audio_plus_genre,LPC_Overall_Standard_Deviation_8,audio:LPC
05_leakage_check,audio_plus_genre,LPC_Overall_Standard_Deviation_9,audio:LPC
05_leakage_check,audio_plus_genre,LPC_Overall_Average_1,audio:LPC
05_leakage_check,audio_plus_genre,LPC_Overall_Average_2,audio:LPC
05_leakage_check,audio_plus_genre,LPC_Overall_Average_3,audio:LPC
05_leakage_check,audio_plus_genre,LPC_Overall_Average_4,audio:LPC
05_leakage_check,audio_plus_genre,LPC_Overall_Average_5,audio:LPC
05_leakage_check,audio_plus_genre,LPC_Overall_Average_6,audio:LPC
05_leakage_check,audio_plus_genre,LPC_Overall_Average_7,audio:LPC
05_leakage_check,audio_plus_genre,LPC_Overall_Average_8,audio:LPC
05_leakage_check,audio_plus_genre,LPC_Overall_Average_9,audio:LPC
05_leakage_check,audio_plus_genre,Spectral_Centroid_Overall_Standard_Deviation_1,audio:lowlevel
05_leakage_check,audio_plus_genre,Spectral_Rolloff_Point_Overall_Standard_Deviation_1,audio:lowlevel
05_leakage_check,audio_plus_genre,Spectral_Flux_Overall_Standard_Deviation_1,audio:lowlevel
05_leakage_check,audio_plus_genre,Compactness_Overall_Standard_Deviation_1,audio:lowlevel
05_leakage_check,audio_plus_genre,Spectral_Variability_Overall_Standard_Deviation_1,audio:lowlevel
05_leakage_check,audio_plus_genre,Root_Mean_Square_Overall_Standard_Deviation_1,audio:lowlevel
05_leakage_check,audio_plus_genre,Fraction_Of_Low_Energy_Windows_Overall_Standard_Deviation_1,audio:lowlevel
05_leakage_check,audio_plus_genre,Zero_Crossings_Overall_Standard_Deviation_1,audio:lowlevel
05_leakage_check,audio_plus_genre,Spectral_Centroid_Overall_Average_1,audio:lowlevel
05_leakage_check,audio_plus_genre,Spectral_Rolloff_Point_Overall_Average_1,audio:lowlevel
05_leakage_check,audio_plus_genre,Spectral_Flux_Overall_Average_1,audio:lowlevel
05_leakage_check,audio_plus_genre,Compactness_Overall_Average_1,audio:lowlevel
05_leakage_check,audio_plus_genre,Spectral_Variability_Overall_Average_1,audio:lowlevel
05_leakage_check,audio_plus_genre,Root_Mean_Square_Overall_Average_1,audio:lowlevel
05_leakage_check,audio_plus_genre,Fraction_Of_Low_Energy_Windows_Overall_Average_1,audio:lowlevel
05_leakage_check,audio_plus_genre,Zero_Crossings_Overall_Average_1,audio:lowlevel
05_leakage_check,audio_plus_genre,Mean_Acc5_Mean_Mem20_ZeroCrossings_HopSize512_WinSize512_Sum_AudioCh0,audio:marsyas
05_leakage_check,audio_plus_genre,Mean_Acc5_Mean_Mem20_Centroid_Power_powerFFT_WinHamming_HopSize512_WinSize512_Sum_AudioCh0,audio:marsyas
05_leakage_check,audio_plus_genre,Mean_Acc5_Mean_Mem20_Rolloff_Power_powerFFT_WinHamming_HopSize512_WinSize512_Sum_AudioCh0,audio:marsyas
05_leakage_check,audio_plus_genre,Mean_Acc5_Mean_Mem20_Flux_Power_powerFFT_WinHamming_HopSize512_WinSize512_Sum_AudioCh0,audio:marsyas
05_leakage_check,audio_plus_genre,Mean_Acc5_Mean_Mem20_PeakRatio_Chroma_A_Power_powerFFT_WinHamming_HopSize512_WinSize512_Sum_AudioCh0,audio:marsyas
05_leakage_check,audio_plus_genre,Mean_Acc5_Mean_Mem20_PeakRatio_Chroma_A#_Power_powerFFT_WinHamming_HopSize512_WinSize512_Sum_AudioCh0,audio:marsyas
05_leakage_check,audio_plus_genre,Mean_Acc5_Mean_Mem20_PeakRatio_Chroma_B_Power_powerFFT_WinHamming_HopSize512_WinSize512_Sum_AudioCh0,audio:marsyas
05_leakage_check,audio_plus_genre,Mean_Acc5_Mean_Mem20_PeakRatio_Chroma_C_Power_powerFFT_WinHamming_HopSize512_WinSize512_Sum_AudioCh0,audio:marsyas
05_leakage_check,audio_plus_genre,Mean_Acc5_Mean_Mem20_PeakRatio_Chroma_C#_Power_powerFFT_WinHamming_HopSize512_WinSize512_Sum_AudioCh0,audio:marsyas
05_leakage_check,audio_plus_genre,Mean_Acc5_Mean_Mem20_PeakRatio_Chroma_D_Power_powerFFT_WinHamming_HopSize512_WinSize512_Sum_AudioCh0,audio:marsyas
05_leakage_check,audio_plus_genre,Mean_Acc5_Mean_Mem20_PeakRatio_Chroma_D#_Power_powerFFT_WinHamming_HopSize512_WinSize512_Sum_AudioCh0,audio:marsyas
05_leakage_check,audio_plus_genre,Mean_Acc5_Mean_Mem20_PeakRatio_Chroma_E_Power_powerFFT_WinHamming_HopSize512_WinSize512_Sum_AudioCh0,audio:marsyas
05_leakage_check,audio_plus_genre,Mean_Acc5_Mean_Mem20_PeakRatio_Chroma_F_Power_powerFFT_WinHamming_HopSize512_WinSize512_Sum_AudioCh0,audio:marsyas
05_leakage_check,audio_plus_genre,Mean_Acc5_Mean_Mem20_PeakRatio_Chroma_F#_Power_powerFFT_WinHamming_HopSize512_WinSize512_Sum_AudioCh0,audio:marsyas
05_leakage_check,audio_plus_genre,Mean_Acc5_Mean_Mem20_PeakRatio_Chroma_G_Power_powerFFT_WinHamming_HopSize512_WinSize512_Sum_AudioCh0,audio:marsyas
05_leakage_check,audio_plus_genre,Mean_Acc5_Mean_Mem20_PeakRatio_Chroma_G#_Power_powerFFT_WinHamming_HopSize512_WinSize512_Sum_AudioCh0,audio:marsyas
05_leakage_check,audio_plus_genre,Mean_Acc5_Mean_Mem20_PeakRatio_Average_Chroma_A_Power_powerFFT_WinHamming_HopSize512_WinSize512_Sum_AudioCh0,audio:marsyas
05_leakage_check,audio_plus_genre,Mean_Acc5_Mean_Mem20_PeakRatio_Minimum_Chroma_A_Power_powerFFT_WinHamming_HopSize512_WinSize512_Sum_AudioCh0,audio:marsyas
05_leakage_check,audio_plus_genre,Mean_Acc5_Std_Mem20_ZeroCrossings_HopSize512_WinSize512_Sum_AudioCh0,audio:marsyas
05_leakage_check,audio_plus_genre,Mean_Acc5_Std_Mem20_Centroid_Power_powerFFT_WinHamming_HopSize512_WinSize512_Sum_AudioCh0,audio:marsyas
05_leakage_check,audio_plus_genre,Mean_Acc5_Std_Mem20_Rolloff_Power_powerFFT_WinHamming_HopSize512_WinSize512_Sum_AudioCh0,audio:marsyas
05_leakage_check,audio_plus_genre,Mean_Acc5_Std_Mem20_Flux_Power_powerFFT_WinHamming_HopSize512_WinSize512_Sum_AudioCh0,audio:marsyas
05_leakage_check,audio_plus_genre,Mean_Acc5_Std_Mem20_PeakRatio_Chroma_A_Power_powerFFT_WinHamming_HopSize512_WinSize512_Sum_AudioCh0,audio:marsyas
05_leakage_check,audio_plus_genre,Mean_Acc5_Std_Mem20_PeakRatio_Chroma_A#_Power_powerFFT_WinHamming_HopSize512_WinSize512_Sum_AudioCh0,audio:marsyas
05_leakage_check,audio_plus_genre,Mean_Acc5_Std_Mem20_PeakRatio_Chroma_B_Power_powerFFT_WinHamming_HopSize512_WinSize512_Sum_AudioCh0,audio:marsyas
05_leakage_check,audio_plus_genre,Mean_Acc5_Std_Mem20_PeakRatio_Chroma_C_Power_powerFFT_WinHamming_HopSize512_WinSize512_Sum_AudioCh0,audio:marsyas
05_leakage_check,audio_plus_genre,Mean_Acc5_Std_Mem20_PeakRatio_Chroma_C#_Power_powerFFT_WinHamming_HopSize512_WinSize512_Sum_AudioCh0,audio:marsyas
05_leakage_check,audio_plus_genre,Mean_Acc5_Std_Mem20_PeakRatio_Chroma_D_Power_powerFFT_WinHamming_HopSize512_WinSize512_Sum_AudioCh0,audio:marsyas
05_leakage_check,audio_plus_genre,Mean_Acc5_Std_Mem20_PeakRatio_Chroma_D#_Power_powerFFT_WinHamming_HopSize512_WinSize512_Sum_AudioCh0,audio:marsyas
05_leakage_check,audio_plus_genre,Mean_Acc5_Std_Mem20_PeakRatio_Chroma_E_Power_powerFFT_WinHamming_HopSize512_WinSize512_Sum_AudioCh0,audio:marsyas
05_leakage_check,audio_plus_genre,Mean_Acc5_Std_Mem20_PeakRatio_Chroma_F_Power_powerFFT_WinHamming_HopSize512_WinSize512_Sum_AudioCh0,audio:marsyas
05_leakage_check,audio_plus_genre,Mean_Acc5_Std_Mem20_PeakRatio_Chroma_F#_Power_powerFFT_WinHamming_HopSize512_WinSize512_Sum_AudioCh0,audio:marsyas
05_leakage_check,audio_plus_genre,Mean_Acc5_Std_Mem20_PeakRatio_Chroma_G_Power_powerFFT_WinHamming_HopSize512_WinSize512_Sum_AudioCh0,audio:marsyas
05_leakage_check,audio_plus_genre,Mean_Acc5_Std_Mem20_PeakRatio_Chroma_G#_Power_powerFFT_WinHamming_HopSize512_WinSize512_Sum_AudioCh0,audio:marsyas
05_leakage_check,audio_plus_genre,Mean_Acc5_Std_Mem20_PeakRatio_Average_Chroma_A_Power_powerFFT_WinHamming_HopSize512_WinSize512_Sum_AudioCh0,audio:marsyas
05_leakage_check,audio_plus_genre,Mean_Acc5_Std_Mem20_PeakRatio_Minimum_Chroma_A_Power_powerFFT_WinHamming_HopSize512_WinSize512_Sum_AudioCh0,audio:marsyas
05_leakage_check,audio_plus_genre,Std_Acc5_Mean_Mem20_ZeroCrossings_HopSize512_WinSize512_Sum_AudioCh0,audio:marsyas
05_leakage_check,audio_plus_genre,Std_Acc5_Mean_Mem20_Centroid_Power_powerFFT_WinHamming_HopSize512_WinSize512_Sum_AudioCh0,audio:marsyas
05_leakage_check,audio_plus_genre,Std_Acc5_Mean_Mem20_Rolloff_Power_powerFFT_WinHamming_HopSize512_WinSize512_Sum_AudioCh0,audio:marsyas
05_leakage_check,audio_plus_genre,Std_Acc5_Mean_Mem20_Flux_Power_powerFFT_WinHamming_HopSize512_WinSize512_Sum_AudioCh0,audio:marsyas
05_leakage_check,audio_plus_genre,Std_Acc5_Mean_Mem20_PeakRatio_Chroma_A_Power_powerFFT_WinHamming_HopSize512_WinSize512_Sum_AudioCh0,audio:marsyas
05_leakage_check,audio_plus_genre,Std_Acc5_Mean_Mem20_PeakRatio_Chroma_A#_Power_powerFFT_WinHamming_HopSize512_WinSize512_Sum_AudioCh0,audio:marsyas
05_leakage_check,audio_plus_genre,Std_Acc5_Mean_Mem20_PeakRatio_Chroma_B_Power_powerFFT_WinHamming_HopSize512_WinSize512_Sum_AudioCh0,audio:marsyas
05_leakage_check,audio_plus_genre,Std_Acc5_Mean_Mem20_PeakRatio_Chroma_C_Power_powerFFT_WinHamming_HopSize512_WinSize512_Sum_AudioCh0,audio:marsyas
05_leakage_check,audio_plus_genre,Std_Acc5_Mean_Mem20_PeakRatio_Chroma_C#_Power_powerFFT_WinHamming_HopSize512_WinSize512_Sum_AudioCh0,audio:marsyas
05_leakage_check,audio_plus_genre,Std_Acc5_Mean_Mem20_PeakRatio_Chroma_D_Power_powerFFT_WinHamming_HopSize512_WinSize512_Sum_AudioCh0,audio:marsyas
05_leakage_check,audio_plus_genre,Std_Acc5_Mean_Mem20_PeakRatio_Chroma_D#_Power_powerFFT_WinHamming_HopSize512_WinSize512_Sum_AudioCh0,audio:marsyas
05_leakage_check,audio_plus_genre,Std_Acc5_Mean_Mem20_PeakRatio_Chroma_E_Power_powerFFT_WinHamming_HopSize512_WinSize512_Sum_AudioCh0,audio:marsyas
05_leakage_check,audio_plus_genre,Std_Acc5_Mean_Mem20_PeakRatio_Chroma_F_Power_powerFFT_WinHamming_HopSize512_WinSize512_Sum_AudioCh0,audio:marsyas
05_leakage_check,audio_plus_genre,Std_Acc5_Mean_Mem20_PeakRatio_Chroma_F#_Power_powerFFT_WinHamming_HopSize512_WinSize512_Sum_AudioCh0,audio:marsyas
05_leakage_check,audio_plus_genre,Std_Acc5_Mean_Mem20_PeakRatio_Chroma_G_Power_powerFFT_WinHamming_HopSize512_WinSize512_Sum_AudioCh0,audio:marsyas
05_leakage_check,audio_plus_genre,Std_Acc5_Mean_Mem20_PeakRatio_Chroma_G#_Power_powerFFT_WinHamming_HopSize512_WinSize512_Sum_AudioCh0,audio:marsyas
05_leakage_check,audio_plus_genre,Std_Acc5_Mean_Mem20_PeakRatio_Average_Chroma_A_Power_powerFFT_WinHamming_HopSize512_WinSize512_Sum_AudioCh0,audio:marsyas
05_leakage_check,audio_plus_genre,Std_Acc5_Mean_Mem20_PeakRatio_Minimum_Chroma_A_Power_powerFFT_WinHamming_HopSize512_WinSize512_Sum_AudioCh0,audio:marsyas
05_leakage_check,audio_plus_genre,Std_Acc5_Std_Mem20_ZeroCrossings_HopSize512_WinSize512_Sum_AudioCh0,audio:marsyas
05_leakage_check,audio_plus_genre,Std_Acc5_Std_Mem20_Centroid_Power_powerFFT_WinHamming_HopSize512_WinSize512_Sum_AudioCh0,audio:marsyas
05_leakage_check,audio_plus_genre,Std_Acc5_Std_Mem20_Rolloff_Power_powerFFT_WinHamming_HopSize512_WinSize512_Sum_AudioCh0,audio:marsyas
05_leakage_check,audio_plus_genre,Std_Acc5_Std_Mem20_Flux_Power_powerFFT_WinHamming_HopSize512_WinSize512_Sum_AudioCh0,audio:marsyas
05_leakage_check,audio_plus_genre,Std_Acc5_Std_Mem20_PeakRatio_Chroma_A_Power_powerFFT_WinHamming_HopSize512_WinSize512_Sum_AudioCh0,audio:marsyas
05_leakage_check,audio_plus_genre,Std_Acc5_Std_Mem20_PeakRatio_Chroma_A#_Power_powerFFT_WinHamming_HopSize512_WinSize512_Sum_AudioCh0,audio:marsyas
05_leakage_check,audio_plus_genre,Std_Acc5_Std_Mem20_PeakRatio_Chroma_B_Power_powerFFT_WinHamming_HopSize512_WinSize512_Sum_AudioCh0,audio:marsyas
05_leakage_check,audio_plus_genre,Std_Acc5_Std_Mem20_PeakRatio_Chroma_C_Power_powerFFT_WinHamming_HopSize512_WinSize512_Sum_AudioCh0,audio:marsyas
05_leakage_check,audio_plus_genre,Std_Acc5_Std_Mem20_PeakRatio_Chroma_C#_Power_powerFFT_WinHamming_HopSize512_WinSize512_Sum_AudioCh0,audio:marsyas
05_leakage_check,audio_plus_genre,Std_Acc5_Std_Mem20_PeakRatio_Chroma_D_Power_powerFFT_WinHamming_HopSize512_WinSize512_Sum_AudioCh0,audio:marsyas
05_leakage_check,audio_plus_genre,Std_Acc5_Std_Mem20_PeakRatio_Chroma_D#_Power_powerFFT_WinHamming_HopSize512_WinSize512_Sum_AudioCh0,audio:marsyas
05_leakage_check,audio_plus_genre,Std_Acc5_Std_Mem20_PeakRatio_Chroma_E_Power_powerFFT_WinHamming_HopSize512_WinSize512_Sum_AudioCh0,audio:marsyas
05_leakage_check,audio_plus_genre,Std_Acc5_Std_Mem20_PeakRatio_Chroma_F_Power_powerFFT_WinHamming_HopSize512_WinSize512_Sum_AudioCh0,audio:marsyas
05_leakage_check,audio_plus_genre,Std_Acc5_Std_Mem20_PeakRatio_Chroma_F#_Power_powerFFT_WinHamming_HopSize512_WinSize512_Sum_AudioCh0,audio:marsyas
05_leakage_check,audio_plus_genre,Std_Acc5_Std_Mem20_PeakRatio_Chroma_G_Power_powerFFT_WinHamming_HopSize512_WinSize512_Sum_AudioCh0,audio:marsyas
05_leakage_check,audio_plus_genre,Std_Acc5_Std_Mem20_PeakRatio_Chroma_G#_Power_powerFFT_WinHamming_HopSize512_WinSize512_Sum_AudioCh0,audio:marsyas
05_leakage_check,audio_plus_genre,Std_Acc5_Std_Mem20_PeakRatio_Average_Chroma_A_Power_powerFFT_WinHamming_HopSize512_WinSize512_Sum_AudioCh0,audio:marsyas
05_leakage_check,audio_plus_genre,Std_Acc5_Std_Mem20_PeakRatio_Minimum_Chroma_A_Power_powerFFT_WinHamming_HopSize512_WinSize512_Sum_AudioCh0,audio:marsyas
05_leakage_check,audio_plus_genre,MFCC_Overall_Standard_Deviation_1,audio:MFCC_simple
05_leakage_check,audio_plus_genre,MFCC_Overall_Standard_Deviation_2,audio:MFCC_simple
05_leakage_check,audio_plus_genre,MFCC_Overall_Standard_Deviation_3,audio:MFCC_simple
05_leakage_check,audio_plus_genre,MFCC_Overall_Standard_Deviation_4,audio:MFCC_simple
05_leakage_check,audio_plus_genre,MFCC_Overall_Standard_Deviation_5,audio:MFCC_simple
05_leakage_check,audio_plus_genre,MFCC_Overall_Standard_Deviation_6,audio:MFCC_simple
05_leakage_check,audio_plus_genre,MFCC_Overall_Standard_Deviation_7,audio:MFCC_simple
05_leakage_check,audio_plus_genre,MFCC_Overall_Standard_Deviation_8,audio:MFCC_simple
05_leakage_check,audio_plus_genre,MFCC_Overall_Standard_Deviation_9,audio:MFCC_simple
05_leakage_check,audio_plus_genre,MFCC_Overall_Standard_Deviation_10,audio:MFCC_simple
05_leakage_check,audio_plus_genre,MFCC_Overall_Standard_Deviation_11,audio:MFCC_simple
05_leakage_check,audio_plus_genre,MFCC_Overall_Standard_Deviation_12,audio:MFCC_simple
05_leakage_check,audio_plus_genre,MFCC_Overall_Standard_Deviation_13,audio:MFCC_simple
05_leakage_check,audio_plus_genre,MFCC_Overall_Average_1,audio:MFCC_simple
05_leakage_check,audio_plus_genre,MFCC_Overall_Average_2,audio:MFCC_simple
05_leakage_check,audio_plus_genre,MFCC_Overall_Average_3,audio:MFCC_simple
05_leakage_check,audio_plus_genre,MFCC_Overall_Average_4,audio:MFCC_simple
05_leakage_check,audio_plus_genre,MFCC_Overall_Average_5,audio:MFCC_simple
05_leakage_check,audio_plus_genre,MFCC_Overall_Average_6,audio:MFCC_simple
05_leakage_check,audio_plus_genre,MFCC_Overall_Average_7,audio:MFCC_simple
05_leakage_check,audio_plus_genre,MFCC_Overall_Average_8,audio:MFCC_simple
05_leakage_check,audio_plus_genre,MFCC_Overall_Average_9,audio:MFCC_simple
05_leakage_check,audio_plus_genre,MFCC_Overall_Average_10,audio:MFCC_simple
05_leakage_check,audio_plus_genre,MFCC_Overall_Average_11,audio:MFCC_simple
05_leakage_check,audio_plus_genre,MFCC_Overall_Average_12,audio:MFCC_simple
05_leakage_check,audio_plus_genre,MFCC_Overall_Average_13,audio:MFCC_simple
05_leakage_check,audio_plus_genre,genre_rock,genre
05_leakage_check,audio_plus_genre,genre_electronic,genre
05_leakage_check,audio_plus_genre,genre_pop,genre
05_leakage_check,audio_plus_genre,genre_alternative rock,genre
05_leakage_check,audio_plus_genre,genre_hip hop,genre
05_leakage_check,audio_plus_genre,genre_united states,genre
05_leakage_check,audio_plus_genre,genre_house,genre
05_leakage_check,audio_plus_genre,genre_jazz,genre
05_leakage_check,audio_plus_genre,genre_alternative,genre
05_leakage_check,audio_plus_genre,genre_indie,genre
05_leakage_check,audio_plus_genre,genre_electro,genre
05_leakage_check,audio_plus_genre,genre_indie rock,genre
05_leakage_check,audio_plus_genre,genre_experimental,genre
05_leakage_check,audio_plus_genre,genre_pop rock,genre
05_leakage_check,audio_plus_genre,genre_punk,genre
05_leakage_check,audio_plus_genre,genre_techno,genre
05_leakage_check,audio_plus_genre,genre_folk,genre
05_leakage_check,audio_plus_genre,genre_downtempo,genre
05_leakage_check,audio_plus_genre,genre_ambient,genre
05_leakage_check,audio_plus_genre,genre_soul,genre
05_leakage_check,audio_plus_genre,genre_germany,genre
05_leakage_check,audio_plus_genre,genre_electronica,genre
05_leakage_check,audio_plus_genre,genre_disco,genre
05_leakage_check,audio_plus_genre,genre_american,genre
05_leakage_check,audio_plus_genre,genre_trance,genre
05_leakage_check,audio_plus_genre,genre_synthpop,genre
05_leakage_check,audio_plus_genre,genre_funk,genre
05_leakage_check,audio_plus_genre,genre_world,genre
05_leakage_check,audio_plus_genre,genre_blues,genre
05_leakage_check,audio_plus_genre,genre_hardcore,genre
05_leakage_check,audio_only,Area_Method_of_Moments_Overall_Standard_Deviation_1,audio:Area_MoM
05_leakage_check,audio_only,Area_Method_of_Moments_Overall_Standard_Deviation_2,audio:Area_MoM
05_leakage_check,audio_only,Area_Method_of_Moments_Overall_Standard_Deviation_3,audio:Area_MoM
05_leakage_check,audio_only,Area_Method_of_Moments_Overall_Standard_Deviation_4,audio:Area_MoM
05_leakage_check,audio_only,Area_Method_of_Moments_Overall_Standard_Deviation_5,audio:Area_MoM
05_leakage_check,audio_only,Area_Method_of_Moments_Overall_Standard_Deviation_6,audio:Area_MoM
05_leakage_check,audio_only,Area_Method_of_Moments_Overall_Standard_Deviation_7,audio:Area_MoM
05_leakage_check,audio_only,Area_Method_of_Moments_Overall_Standard_Deviation_8,audio:Area_MoM
05_leakage_check,audio_only,Area_Method_of_Moments_Overall_Standard_Deviation_9,audio:Area_MoM
05_leakage_check,audio_only,Area_Method_of_Moments_Overall_Standard_Deviation_10,audio:Area_MoM
05_leakage_check,audio_only,Area_Method_of_Moments_Overall_Average_1,audio:Area_MoM
05_leakage_check,audio_only,Area_Method_of_Moments_Overall_Average_2,audio:Area_MoM
05_leakage_check,audio_only,Area_Method_of_Moments_Overall_Average_3,audio:Area_MoM
05_leakage_check,audio_only,Area_Method_of_Moments_Overall_Average_4,audio:Area_MoM
05_leakage_check,audio_only,Area_Method_of_Moments_Overall_Average_5,audio:Area_MoM
05_leakage_check,audio_only,Area_Method_of_Moments_Overall_Average_6,audio:Area_MoM
05_leakage_check,audio_only,Area_Method_of_Moments_Overall_Average_7,audio:Area_MoM
05_leakage_check,audio_only,Area_Method_of_Moments_Overall_Average_8,audio:Area_MoM
05_leakage_check,audio_only,Area_Method_of_Moments_Overall_Average_9,audio:Area_MoM
05_leakage_check,audio_only,Area_Method_of_Moments_Overall_Average_10,audio:Area_MoM
05_leakage_check,audio_only,LPC_Overall_Standard_Deviation_1,audio:LPC
05_leakage_check,audio_only,LPC_Overall_Standard_Deviation_2,audio:LPC
05_leakage_check,audio_only,LPC_Overall_Standard_Deviation_3,audio:LPC
05_leakage_check,audio_only,LPC_Overall_Standard_Deviation_4,audio:LPC
05_leakage_check,audio_only,LPC_Overall_Standard_Deviation_5,audio:LPC
05_leakage_check,audio_only,LPC_Overall_Standard_Deviation_6,audio:LPC
05_leakage_check,audio_only,LPC_Overall_Standard_Deviation_7,audio:LPC
05_leakage_check,audio_only,LPC_Overall_Standard_Deviation_8,audio:LPC
05_leakage_check,audio_only,LPC_Overall_Standard_Deviation_9,audio:LPC
05_leakage_check,audio_only,LPC_Overall_Average_1,audio:LPC
05_leakage_check,audio_only,LPC_Overall_Average_2,audio:LPC
05_leakage_check,audio_only,LPC_Overall_Average_3,audio:LPC
05_leakage_check,audio_only,LPC_Overall_Average_4,audio:LPC
05_leakage_check,audio_only,LPC_Overall_Average_5,audio:LPC
05_leakage_check,audio_only,LPC_Overall_Average_6,audio:LPC
05_leakage_check,audio_only,LPC_Overall_Average_7,audio:LPC
05_leakage_check,audio_only,LPC_Overall_Average_8,audio:LPC
05_leakage_check,audio_only,LPC_Overall_Average_9,audio:LPC
05_leakage_check,audio_only,Spectral_Centroid_Overall_Standard_Deviation_1,audio:lowlevel
05_leakage_check,audio_only,Spectral_Rolloff_Point_Overall_Standard_Deviation_1,audio:lowlevel
05_leakage_check,audio_only,Spectral_Flux_Overall_Standard_Deviation_1,audio:lowlevel
05_leakage_check,audio_only,Compactness_Overall_Standard_Deviation_1,audio:lowlevel
05_leakage_check,audio_only,Spectral_Variability_Overall_Standard_Deviation_1,audio:lowlevel
05_leakage_check,audio_only,Root_Mean_Square_Overall_Standard_Deviation_1,audio:lowlevel
05_leakage_check,audio_only,Fraction_Of_Low_Energy_Windows_Overall_Standard_Deviation_1,audio:lowlevel
05_leakage_check,audio_only,Zero_Crossings_Overall_Standard_Deviation_1,audio:lowlevel
05_leakage_check,audio_only,Spectral_Centroid_Overall_Average_1,audio:lowlevel
05_leakage_check,audio_only,Spectral_Rolloff_Point_Overall_Average_1,audio:lowlevel
05_leakage_check,audio_only,Spectral_Flux_Overall_Average_1,audio:lowlevel
05_leakage_check,audio_only,Compactness_Overall_Average_1,audio:lowlevel
05_leakage_check,audio_only,Spectral_Variability_Overall_Average_1,audio:lowlevel
05_leakage_check,audio_only,Root_Mean_Square_Overall_Average_1,audio:lowlevel
05_leakage_check,audio_only,Fraction_Of_Low_Energy_Windows_Overall_Average_1,audio:lowlevel
05_leakage_check,audio_only,Zero_Crossings_Overall_Average_1,audio:lowlevel
05_leakage_check,audio_only,Mean_Acc5_Mean_Mem20_ZeroCrossings_HopSize512_WinSize512_Sum_AudioCh0,audio:marsyas
05_leakage_check,audio_only,Mean_Acc5_Mean_Mem20_Centroid_Power_powerFFT_WinHamming_HopSize512_WinSize512_Sum_AudioCh0,audio:marsyas
05_leakage_check,audio_only,Mean_Acc5_Mean_Mem20_Rolloff_Power_powerFFT_WinHamming_HopSize512_WinSize512_Sum_AudioCh0,audio:marsyas
05_leakage_check,audio_only,Mean_Acc5_Mean_Mem20_Flux_Power_powerFFT_WinHamming_HopSize512_WinSize512_Sum_AudioCh0,audio:marsyas
05_leakage_check,audio_only,Mean_Acc5_Mean_Mem20_PeakRatio_Chroma_A_Power_powerFFT_WinHamming_HopSize512_WinSize512_Sum_AudioCh0,audio:marsyas
05_leakage_check,audio_only,Mean_Acc5_Mean_Mem20_PeakRatio_Chroma_A#_Power_powerFFT_WinHamming_HopSize512_WinSize512_Sum_AudioCh0,audio:marsyas
05_leakage_check,audio_only,Mean_Acc5_Mean_Mem20_PeakRatio_Chroma_B_Power_powerFFT_WinHamming_HopSize512_WinSize512_Sum_AudioCh0,audio:marsyas
05_leakage_check,audio_only,Mean_Acc5_Mean_Mem20_PeakRatio_Chroma_C_Power_powerFFT_WinHamming_HopSize512_WinSize512_Sum_AudioCh0,audio:marsyas
05_leakage_check,audio_only,Mean_Acc5_Mean_Mem20_PeakRatio_Chroma_C#_Power_powerFFT_WinHamming_HopSize512_WinSize512_Sum_AudioCh0,audio:marsyas
05_leakage_check,audio_only,Mean_Acc5_Mean_Mem20_PeakRatio_Chroma_D_Power_powerFFT_WinHamming_HopSize512_WinSize512_Sum_AudioCh0,audio:marsyas
05_leakage_check,audio_only,Mean_Acc5_Mean_Mem20_PeakRatio_Chroma_D#_Power_powerFFT_WinHamming_HopSize512_WinSize512_Sum_AudioCh0,audio:marsyas
05_leakage_check,audio_only,Mean_Acc5_Mean_Mem20_PeakRatio_Chroma_E_Power_powerFFT_WinHamming_HopSize512_WinSize512_Sum_AudioCh0,audio:marsyas
05_leakage_check,audio_only,Mean_Acc5_Mean_Mem20_PeakRatio_Chroma_F_Power_powerFFT_WinHamming_HopSize512_WinSize512_Sum_AudioCh0,audio:marsyas
05_leakage_check,audio_only,Mean_Acc5_Mean_Mem20_PeakRatio_Chroma_F#_Power_powerFFT_WinHamming_HopSize512_WinSize512_Sum_AudioCh0,audio:marsyas
05_leakage_check,audio_only,Mean_Acc5_Mean_Mem20_PeakRatio_Chroma_G_Power_powerFFT_WinHamming_HopSize512_WinSize512_Sum_AudioCh0,audio:marsyas
05_leakage_check,audio_only,Mean_Acc5_Mean_Mem20_PeakRatio_Chroma_G#_Power_powerFFT_WinHamming_HopSize512_WinSize512_Sum_AudioCh0,audio:marsyas
05_leakage_check,audio_only,Mean_Acc5_Mean_Mem20_PeakRatio_Average_Chroma_A_Power_powerFFT_WinHamming_HopSize512_WinSize512_Sum_AudioCh0,audio:marsyas
05_leakage_check,audio_only,Mean_Acc5_Mean_Mem20_PeakRatio_Minimum_Chroma_A_Power_powerFFT_WinHamming_HopSize512_WinSize512_Sum_AudioCh0,audio:marsyas
05_leakage_check,audio_only,Mean_Acc5_Std_Mem20_ZeroCrossings_HopSize512_WinSize512_Sum_AudioCh0,audio:marsyas
05_leakage_check,audio_only,Mean_Acc5_Std_Mem20_Centroid_Power_powerFFT_WinHamming_HopSize512_WinSize512_Sum_AudioCh0,audio:marsyas
05_leakage_check,audio_only,Mean_Acc5_Std_Mem20_Rolloff_Power_powerFFT_WinHamming_HopSize512_WinSize512_Sum_AudioCh0,audio:marsyas
05_leakage_check,audio_only,Mean_Acc5_Std_Mem20_Flux_Power_powerFFT_WinHamming_HopSize512_WinSize512_Sum_AudioCh0,audio:marsyas
05_leakage_check,audio_only,Mean_Acc5_Std_Mem20_PeakRatio_Chroma_A_Power_powerFFT_WinHamming_HopSize512_WinSize512_Sum_AudioCh0,audio:marsyas
05_leakage_check,audio_only,Mean_Acc5_Std_Mem20_PeakRatio_Chroma_A#_Power_powerFFT_WinHamming_HopSize512_WinSize512_Sum_AudioCh0,audio:marsyas
05_leakage_check,audio_only,Mean_Acc5_Std_Mem20_PeakRatio_Chroma_B_Power_powerFFT_WinHamming_HopSize512_WinSize512_Sum_AudioCh0,audio:marsyas
05_leakage_check,audio_only,Mean_Acc5_Std_Mem20_PeakRatio_Chroma_C_Power_powerFFT_WinHamming_HopSize512_WinSize512_Sum_AudioCh0,audio:marsyas
05_leakage_check,audio_only,Mean_Acc5_Std_Mem20_PeakRatio_Chroma_C#_Power_powerFFT_WinHamming_HopSize512_WinSize512_Sum_AudioCh0,audio:marsyas
05_leakage_check,audio_only,Mean_Acc5_Std_Mem20_PeakRatio_Chroma_D_Power_powerFFT_WinHamming_HopSize512_WinSize512_Sum_AudioCh0,audio:marsyas
05_leakage_check,audio_only,Mean_Acc5_Std_Mem20_PeakRatio_Chroma_D#_Power_powerFFT_WinHamming_HopSize512_WinSize512_Sum_AudioCh0,audio:marsyas
05_leakage_check,audio_only,Mean_Acc5_Std_Mem20_PeakRatio_Chroma_E_Power_powerFFT_WinHamming_HopSize512_WinSize512_Sum_AudioCh0,audio:marsyas
05_leakage_check,audio_only,Mean_Acc5_Std_Mem20_PeakRatio_Chroma_F_Power_powerFFT_WinHamming_HopSize512_WinSize512_Sum_AudioCh0,audio:marsyas
05_leakage_check,audio_only,Mean_Acc5_Std_Mem20_PeakRatio_Chroma_F#_Power_powerFFT_WinHamming_HopSize512_WinSize512_Sum_AudioCh0,audio:marsyas
05_leakage_check,audio_only,Mean_Acc5_Std_Mem20_PeakRatio_Chroma_G_Power_powerFFT_WinHamming_HopSize512_WinSize512_Sum_AudioCh0,audio:marsyas
05_leakage_check,audio_only,Mean_Acc5_Std_Mem20_PeakRatio_Chroma_G#_Power_powerFFT_WinHamming_HopSize512_WinSize512_Sum_AudioCh0,audio:marsyas
05_leakage_check,audio_only,Mean_Acc5_Std_Mem20_PeakRatio_Average_Chroma_A_Power_powerFFT_WinHamming_HopSize512_WinSize512_Sum_AudioCh0,audio:marsyas
05_leakage_check,audio_only,Mean_Acc5_Std_Mem20_PeakRatio_Minimum_Chroma_A_Power_powerFFT_WinHamming_HopSize512_WinSize512_Sum_AudioCh0,audio:marsyas
05_leakage_check,audio_only,Std_Acc5_Mean_Mem20_ZeroCrossings_HopSize512_WinSize512_Sum_AudioCh0,audio:marsyas
05_leakage_check,audio_only,Std_Acc5_Mean_Mem20_Centroid_Power_powerFFT_WinHamming_HopSize512_WinSize512_Sum_AudioCh0,audio:marsyas
05_leakage_check,audio_only,Std_Acc5_Mean_Mem20_Rolloff_Power_powerFFT_WinHamming_HopSize512_WinSize512_Sum_AudioCh0,audio:marsyas
05_leakage_check,audio_only,Std_Acc5_Mean_Mem20_Flux_Power_powerFFT_WinHamming_HopSize512_WinSize512_Sum_AudioCh0,audio:marsyas
05_leakage_check,audio_only,Std_Acc5_Mean_Mem20_PeakRatio_Chroma_A_Power_powerFFT_WinHamming_HopSize512_WinSize512_Sum_AudioCh0,audio:marsyas
05_leakage_check,audio_only,Std_Acc5_Mean_Mem20_PeakRatio_Chroma_A#_Power_powerFFT_WinHamming_HopSize512_WinSize512_Sum_AudioCh0,audio:marsyas
05_leakage_check,audio_only,Std_Acc5_Mean_Mem20_PeakRatio_Chroma_B_Power_powerFFT_WinHamming_HopSize512_WinSize512_Sum_AudioCh0,audio:marsyas
05_leakage_check,audio_only,Std_Acc5_Mean_Mem20_PeakRatio_Chroma_C_Power_powerFFT_WinHamming_HopSize512_WinSize512_Sum_AudioCh0,audio:marsyas
05_leakage_check,audio_only,Std_Acc5_Mean_Mem20_PeakRatio_Chroma_C#_Power_powerFFT_WinHamming_HopSize512_WinSize512_Sum_AudioCh0,audio:marsyas
05_leakage_check,audio_only,Std_Acc5_Mean_Mem20_PeakRatio_Chroma_D_Power_powerFFT_WinHamming_HopSize512_WinSize512_Sum_AudioCh0,audio:marsyas
05_leakage_check,audio_only,Std_Acc5_Mean_Mem20_PeakRatio_Chroma_D#_Power_powerFFT_WinHamming_HopSize512_WinSize512_Sum_AudioCh0,audio:marsyas
05_leakage_check,audio_only,Std_Acc5_Mean_Mem20_PeakRatio_Chroma_E_Power_powerFFT_WinHamming_HopSize512_WinSize512_Sum_AudioCh0,audio:marsyas
05_leakage_check,audio_only,Std_Acc5_Mean_Mem20_PeakRatio_Chroma_F_Power_powerFFT_WinHamming_HopSize512_WinSize512_Sum_AudioCh0,audio:marsyas
05_leakage_check,audio_only,Std_Acc5_Mean_Mem20_PeakRatio_Chroma_F#_Power_powerFFT_WinHamming_HopSize512_WinSize512_Sum_AudioCh0,audio:marsyas
05_leakage_check,audio_only,Std_Acc5_Mean_Mem20_PeakRatio_Chroma_G_Power_powerFFT_WinHamming_HopSize512_WinSize512_Sum_AudioCh0,audio:marsyas
05_leakage_check,audio_only,Std_Acc5_Mean_Mem20_PeakRatio_Chroma_G#_Power_powerFFT_WinHamming_HopSize512_WinSize512_Sum_AudioCh0,audio:marsyas
05_leakage_check,audio_only,Std_Acc5_Mean_Mem20_PeakRatio_Average_Chroma_A_Power_powerFFT_WinHamming_HopSize512_WinSize512_Sum_AudioCh0,audio:marsyas
05_leakage_check,audio_only,Std_Acc5_Mean_Mem20_PeakRatio_Minimum_Chroma_A_Power_powerFFT_WinHamming_HopSize512_WinSize512_Sum_AudioCh0,audio:marsyas
05_leakage_check,audio_only,Std_Acc5_Std_Mem20_ZeroCrossings_HopSize512_WinSize512_Sum_AudioCh0,audio:marsyas
05_leakage_check,audio_only,Std_Acc5_Std_Mem20_Centroid_Power_powerFFT_WinHamming_HopSize512_WinSize512_Sum_AudioCh0,audio:marsyas
05_leakage_check,audio_only,Std_Acc5_Std_Mem20_Rolloff_Power_powerFFT_WinHamming_HopSize512_WinSize512_Sum_AudioCh0,audio:marsyas
05_leakage_check,audio_only,Std_Acc5_Std_Mem20_Flux_Power_powerFFT_WinHamming_HopSize512_WinSize512_Sum_AudioCh0,audio:marsyas
05_leakage_check,audio_only,Std_Acc5_Std_Mem20_PeakRatio_Chroma_A_Power_powerFFT_WinHamming_HopSize512_WinSize512_Sum_AudioCh0,audio:marsyas
05_leakage_check,audio_only,Std_Acc5_Std_Mem20_PeakRatio_Chroma_A#_Power_powerFFT_WinHamming_HopSize512_WinSize512_Sum_AudioCh0,audio:marsyas
05_leakage_check,audio_only,Std_Acc5_Std_Mem20_PeakRatio_Chroma_B_Power_powerFFT_WinHamming_HopSize512_WinSize512_Sum_AudioCh0,audio:marsyas
05_leakage_check,audio_only,Std_Acc5_Std_Mem20_PeakRatio_Chroma_C_Power_powerFFT_WinHamming_HopSize512_WinSize512_Sum_AudioCh0,audio:marsyas
05_leakage_check,audio_only,Std_Acc5_Std_Mem20_PeakRatio_Chroma_C#_Power_powerFFT_WinHamming_HopSize512_WinSize512_Sum_AudioCh0,audio:marsyas
05_leakage_check,audio_only,Std_Acc5_Std_Mem20_PeakRatio_Chroma_D_Power_powerFFT_WinHamming_HopSize512_WinSize512_Sum_AudioCh0,audio:marsyas
05_leakage_check,audio_only,Std_Acc5_Std_Mem20_PeakRatio_Chroma_D#_Power_powerFFT_WinHamming_HopSize512_WinSize512_Sum_AudioCh0,audio:marsyas
05_leakage_check,audio_only,Std_Acc5_Std_Mem20_PeakRatio_Chroma_E_Power_powerFFT_WinHamming_HopSize512_WinSize512_Sum_AudioCh0,audio:marsyas
05_leakage_check,audio_only,Std_Acc5_Std_Mem20_PeakRatio_Chroma_F_Power_powerFFT_WinHamming_HopSize512_WinSize512_Sum_AudioCh0,audio:marsyas
05_leakage_check,audio_only,Std_Acc5_Std_Mem20_PeakRatio_Chroma_F#_Power_powerFFT_WinHamming_HopSize512_WinSize512_Sum_AudioCh0,audio:marsyas
05_leakage_check,audio_only,Std_Acc5_Std_Mem20_PeakRatio_Chroma_G_Power_powerFFT_WinHamming_HopSize512_WinSize512_Sum_AudioCh0,audio:marsyas
05_leakage_check,audio_only,Std_Acc5_Std_Mem20_PeakRatio_Chroma_G#_Power_powerFFT_WinHamming_HopSize512_WinSize512_Sum_AudioCh0,audio:marsyas
05_leakage_check,audio_only,Std_Acc5_Std_Mem20_PeakRatio_Average_Chroma_A_Power_powerFFT_WinHamming_HopSize512_WinSize512_Sum_AudioCh0,audio:marsyas
05_leakage_check,audio_only,Std_Acc5_Std_Mem20_PeakRatio_Minimum_Chroma_A_Power_powerFFT_WinHamming_HopSize512_WinSize512_Sum_AudioCh0,audio:marsyas
05_leakage_check,audio_only,MFCC_Overall_Standard_Deviation_1,audio:MFCC_simple
05_leakage_check,audio_only,MFCC_Overall_Standard_Deviation_2,audio:MFCC_simple
05_leakage_check,audio_only,MFCC_Overall_Standard_Deviation_3,audio:MFCC_simple
05_leakage_check,audio_only,MFCC_Overall_Standard_Deviation_4,audio:MFCC_simple
05_leakage_check,audio_only,MFCC_Overall_Standard_Deviation_5,audio:MFCC_simple
05_leakage_check,audio_only,MFCC_Overall_Standard_Deviation_6,audio:MFCC_simple
05_leakage_check,audio_only,MFCC_Overall_Standard_Deviation_7,audio:MFCC_simple
05_leakage_check,audio_only,MFCC_Overall_Standard_Deviation_8,audio:MFCC_simple
05_leakage_check,audio_only,MFCC_Overall_Standard_Deviation_9,audio:MFCC_simple
05_leakage_check,audio_only,MFCC_Overall_Standard_Deviation_10,audio:MFCC_simple
05_leakage_check,audio_only,MFCC_Overall_Standard_Deviation_11,audio:MFCC_simple
05_leakage_check,audio_only,MFCC_Overall_Standard_Deviation_12,audio:MFCC_simple
05_leakage_check,audio_only,MFCC_Overall_Standard_Deviation_13,audio:MFCC_simple
05_leakage_check,audio_only,MFCC_Overall_Average_1,audio:MFCC_simple
05_leakage_check,audio_only,MFCC_Overall_Average_2,audio:MFCC_simple
05_leakage_check,audio_only,MFCC_Overall_Average_3,audio:MFCC_simple
05_leakage_check,audio_only,MFCC_Overall_Average_4,audio:MFCC_simple
05_leakage_check,audio_only,MFCC_Overall_Average_5,audio:MFCC_simple
05_leakage_check,audio_only,MFCC_Overall_Average_6,audio:MFCC_simple
05_leakage_check,audio_only,MFCC_Overall_Average_7,audio:MFCC_simple
05_leakage_check,audio_only,MFCC_Overall_Average_8,audio:MFCC_simple
05_leakage_check,audio_only,MFCC_Overall_Average_9,audio:MFCC_simple
05_leakage_check,audio_only,MFCC_Overall_Average_10,audio:MFCC_simple
05_leakage_check,audio_only,MFCC_Overall_Average_11,audio:MFCC_simple
05_leakage_check,audio_only,MFCC_Overall_Average_12,audio:MFCC_simple
05_leakage_check,audio_only,MFCC_Overall_Average_13,audio:MFCC_simple
